file,resourceType,bundle_type,n_entries,first_entry_resourceType,n_distinct_resource_types,n_patient_resources_in_bundle,is_patient_bundle
Alexandra16_Mosciski958_37549f60-b5a3-69cd-dea6-5a71c4bc23cf.json,Bundle,transaction,466,Patient,20,1,True
Ali918_Krajcik437_6095681c-dfc1-8f20-411c-42cef37189fa.json,Bundle,transaction,413,Patient,17,1,True
Amira620_Ryan260_573cbfa8-8fca-a716-bcea-2ab35f906251.json,Bundle,transaction,780,Patient,19,1,True
Angel97_Mraz590_0b786670-17af-32e1-b2d2-f77c33874b30.json,Bundle,transaction,2836,Patient,19,1,True
Angelina101_Adrianna470_West559_cbd1dd48-89c3-3fdb-434e-3f0802738abf.json,Bundle,transaction,635,Patient,19,1,True
Angelique249_Gerhold939_f6359fe4-4340-2820-8b76-593a45f5186c.json,Bundle,transaction,720,Patient,19,1,True
Armand155_McGlynn426_06476266-59b1-ded7-4138-3c7543fd4981.json,Bundle,transaction,600,Patient,20,1,True
Arnulfo253_Boyer713_6a703775-432b-ba7d-d53a-c4d7bb0f5b58.json,Bundle,transaction,287,Patient,19,1,True
Audra143_Maggio310_5780b82b-0419-ffe6-fde4-a2fcce9695f5.json,Bundle,transaction,441,Patient,17,1,True
Aurelio227_Eichmann909_8ece28c6-f931-b0e0-5c0e-72b8d8d3c86a.json,Bundle,transaction,927,Patient,19,1,True
Babara869_Gutkowski940_ad48e669-959c-b6f8-8ddb-dda7a6d37473.json,Bundle,transaction,547,Patient,15,1,True
Barbra486_Yaeko585_Conn188_9c26986a-d81d-62f0-ee7a-ab8bb6377434.json,Bundle,transaction,463,Patient,20,1,True
Barton704_Upton904_887e4b4e-a3e1-b573-4a16-38386d3e0b88.json,Bundle,transaction,858,Patient,20,1,True
Basilia559_Hagenes547_3935e8a9-9b9f-fd00-fe22-bcb810d0330b.json,Bundle,transaction,1177,Patient,18,1,True
Bebe406_Miss492_Simonis280_3c0e60c4-176e-2c4c-3b85-b46be390cf5e.json,Bundle,transaction,1239,Patient,19,1,True
Benedict104_Gibson10_7af6b271-f16d-21e1-882a-7bff71005a7b.json,Bundle,transaction,2334,Patient,19,1,True
Benito209_Gulgowski816_8d91c36a-1f7e-3842-9f14-8d567ed9cdcd.json,Bundle,transaction,1549,Patient,19,1,True
Bo157_Klein929_23da8e71-dfb9-9773-1bc1-7b5e31d085b5.json,Bundle,transaction,652,Patient,19,1,True
Booker670_Jakubowski832_3099d813-4f5c-fc43-31d8-7bba5dc84bed.json,Bundle,transaction,478,Patient,20,1,True
Boyce638_Nolan344_9c5b16dc-8a47-896c-4d74-f96f8c98891b.json,Bundle,transaction,906,Patient,19,1,True
Brady998_Olson653_35f80d0e-eaad-ef68-b762-3a1c12a872c1.json,Bundle,transaction,413,Patient,19,1,True
Breana975_Gutkowski940_239b0c86-371a-3080-fcd9-8379b296bc9a.json,Bundle,transaction,670,Patient,19,1,True
Brittany443_Mante251_72b1ca95-c4f0-269d-28bf-ba36b25a9aa6.json,Bundle,transaction,543,Patient,19,1,True
Brock407_Lockman863_a406f356-c8b4-54ad-e79c-54a5e15ffc19.json,Bundle,transaction,256,Patient,19,1,True
Bryce11_Stoltenberg489_6b687f11-0721-ccaf-8796-5e929f37b755.json,Bundle,transaction,395,Patient,17,1,True
Byron202_Emard19_83093df7-a1e4-b827-72e6-c6d604fd7748.json,Bundle,transaction,478,Patient,19,1,True
Carman694_Antonio44_Bergnaum523_7132442e-b0b9-a886-e28d-f83700e5a3bd.json,Bundle,transaction,663,Patient,18,1,True
Carmelo33_Kirlin939_031ce8e2-1443-01b4-de6b-61a4084a7166.json,Bundle,transaction,870,Patient,19,1,True
Chad48_Jenkins714_45f3a7b6-d706-f174-d043-16814aa127ed.json,Bundle,transaction,452,Patient,20,1,True
Christiana224_Camellia58_O'Kon634_e170fdcd-8830-89c4-94b2-aaf7f35ca9c5.json,Bundle,transaction,571,Patient,19,1,True
Clemencia569_Sina65_Gaylord332_029c95e2-d252-d8d3-3626-7f347182d6d7.json,Bundle,transaction,889,Patient,19,1,True
Cole117_Corwin846_bca1691f-8839-1d66-ed01-471134d55738.json,Bundle,transaction,18551,Patient,19,1,True
Dallas143_Graham902_a6d0791e-4c15-58e6-c30a-ec25e285ace9.json,Bundle,transaction,245,Patient,14,1,True
Danial835_Grimes165_765bd034-e8d7-f102-eb1c-4b7792fc5684.json,Bundle,transaction,504,Patient,20,1,True
Danny396_Jacobs452_3732fde5-efc6-d57a-517b-0500f2177181.json,Bundle,transaction,1705,Patient,19,1,True
Darren774_Rogahn59_1be83f06-48ef-7bac-7097-b9e0644aeaf8.json,Bundle,transaction,738,Patient,19,1,True
Dena356_Padberg411_4e71643c-f046-a74f-c2e2-4049efe17cd4.json,Bundle,transaction,404,Patient,19,1,True
Dudley365_Torphy630_30889246-5f7d-9305-542f-55cb89e1f4de.json,Bundle,transaction,184,Patient,12,1,True
Eleonor544_Mosciski958_edb5a2e3-a981-d33c-5eac-1ca8adde82d3.json,Bundle,transaction,687,Patient,19,1,True
Ellis535_Larson43_f870c432-0887-125e-f778-cf5110d3de1d.json,Bundle,transaction,798,Patient,18,1,True
Elodia940_Waters156_f30304ab-8e45-1cbd-9833-cadf568373b4.json,Bundle,transaction,442,Patient,19,1,True
Emmanuel930_Considine820_355a4d50-2628-aa65-c336-deacf4d606fb.json,Bundle,transaction,4930,Patient,19,1,True
Enrique929_Rojas511_97e39468-6488-ca8f-fac2-235a80b4dcf7.json,Bundle,transaction,265,Patient,18,1,True
Esperanza675_Auer97_9a3814bb-f5b0-05f3-928e-fe6640d5aa2a.json,Bundle,transaction,820,Patient,20,1,True
Floretta117_Bechtelar572_c38b96b6-90ae-fabe-6f3c-cfd91d0fb21d.json,Bundle,transaction,434,Patient,17,1,True
Francine922_Hyatt152_2211f478-b7b4-7711-16cf-84ffb52b9d2b.json,Bundle,transaction,2850,Patient,19,1,True
Gayle448_Zboncak558_3a9c6df2-621a-6239-0760-e58544d252f6.json,Bundle,transaction,339,Patient,18,1,True
Germán350_Collado928_30ed72f3-240e-4973-a0b8-25369e1a9c1e.json,Bundle,transaction,466,Patient,19,1,True
Gianna370_Malena136_Murphy561_ca443842-f546-d34c-a69b-b044cfe007d9.json,Bundle,transaction,912,Patient,19,1,True
Grady603_Davis923_b50c66af-4d1c-7987-03d7-e5b65fdf880f.json,Bundle,transaction,593,Patient,17,1,True
Grisel924_Dortha70_Balistreri607_65cbad6a-eb9d-420e-9bab-b4f9c6aab7db.json,Bundle,transaction,781,Patient,19,1,True
Guillermo498_VonRueden376_cc3eac4a-34a7-9a15-1522-8087135631b7.json,Bundle,transaction,376,Patient,19,1,True
Hester117_Spinka232_1dabc422-e007-d5ee-791f-9e08a8fd9b6a.json,Bundle,transaction,538,Patient,19,1,True
hospitalInformation1787069559744.json,Bundle,batch,557,Organization,2,0,False
Hui924_Mariella503_Stoltenberg489_d537941e-1fb7-9868-939a-a26252da8be1.json,Bundle,transaction,590,Patient,19,1,True
Jayne73_Bruen238_8b9df7af-24b3-66ee-afeb-2734ebcbd33c.json,Bundle,transaction,859,Patient,19,1,True
Jesica465_Leola603_Cormier289_00bcbfc6-c7b9-bd0e-3d95-071f9fba6321.json,Bundle,transaction,1075,Patient,19,1,True
Jewell855_Hammes673_1e32a1a3-3638-cb8c-7253-ff98a97dc0fe.json,Bundle,transaction,313,Patient,17,1,True
John539_D'Amore443_5dae1e9e-46fb-5537-54f4-8837a56dd3d5.json,Bundle,transaction,268,Patient,19,1,True
Jordan900_Abbott774_82623afe-e51c-e02e-1dd7-15a4394d0e92.json,Bundle,transaction,1053,Patient,20,1,True
Josef103_Champlin946_355cd402-8f45-353f-013f-ecb627e85106.json,Bundle,transaction,344,Patient,19,1,True
Julian715_Walsh511_e142981b-3577-4115-584d-d9676df7fcff.json,Bundle,transaction,395,Patient,19,1,True
Ken316_Grant908_fd0d7b3a-307d-07b8-9d7e-2424e1feb9e4.json,Bundle,transaction,620,Patient,19,1,True
Lamar193_Beer512_4be6b5fb-2a19-943a-9249-7068445be4cc.json,Bundle,transaction,889,Patient,19,1,True
Lance203_Padberg411_716c6d0a-2a5d-0aaa-9ced-312ed6a943da.json,Bundle,transaction,920,Patient,19,1,True
Leland44_King743_0f3d04a2-f42e-1429-acef-0becd0a0fcea.json,Bundle,transaction,1382,Patient,19,1,True
Lou594_Little434_f67eaca3-2366-7ee2-6887-a5bd449b54a6.json,Bundle,transaction,240,Patient,16,1,True
Luke971_Hoeger474_d21fc5fa-6dc5-8058-1d11-5fd631086b72.json,Bundle,transaction,492,Patient,19,1,True
Madalyn472_Angelina101_Crist667_3eec36b2-71cc-13c4-489a-495c45318bc3.json,Bundle,transaction,1148,Patient,19,1,True
Magali989_Abbott774_e34a6a5e-1d77-508d-8be3-8816e9df8046.json,Bundle,transaction,451,Patient,19,1,True
Manuel446_Frami345_31f368d9-3fdc-a15f-ccdc-fafa74a860e9.json,Bundle,transaction,694,Patient,20,1,True
Manuela585_Montoya249_ccaa0537-4e7f-99d8-8b79-c7c94c749579.json,Bundle,transaction,1051,Patient,20,1,True
Marci572_Murphy561_c1453af6-5763-f853-7da2-a16adee55469.json,Bundle,transaction,409,Patient,19,1,True
Mario764_Florene115_VonRueden376_2e9a9dab-f5b6-8960-d3ce-7834bb5e7344.json,Bundle,transaction,1102,Patient,19,1,True
Marquitta546_Hickle134_6d04a400-ad21-5951-b092-c14b6358d4c5.json,Bundle,transaction,465,Patient,19,1,True
Martha161_Wiegand701_babc4b97-d859-0fe4-2874-fb6fe493ae6b.json,Bundle,transaction,251,Patient,12,1,True
Marylee823_Fisher429_dc77ef0d-1846-94fd-cce5-a7a555009d17.json,Bundle,transaction,352,Patient,19,1,True
Mathilde204_Hettinger594_c823813e-2588-4814-6eb4-824974791862.json,Bundle,transaction,602,Patient,18,1,True
Matilda472_Avery919_Kihn564_3368f8e7-5e00-7794-1e39-f65cb954d43d.json,Bundle,transaction,581,Patient,19,1,True
Maurice742_Auer97_5693c080-f485-91e7-54b9-ad9a8c12af62.json,Bundle,transaction,7096,Patient,19,1,True
Maximo817_Pagac496_ba47a33b-ffb6-25b9-e8bf-e7eabeaee1be.json,Bundle,transaction,340,Patient,19,1,True
Merlene950_Marlin805_Thompson596_f5749532-3295-ad01-d9b5-932c997e7a01.json,Bundle,transaction,622,Patient,19,1,True
Micaela928_Josefina523_Rendón540_46fcc34a-97a1-f038-9bb1-4ae87116ae61.json,Bundle,transaction,758,Patient,20,1,True
Micah422_Sherie778_Shanahan202_3314e296-2326-2826-271d-a7be5b896db9.json,Bundle,transaction,691,Patient,17,1,True
Michale231_Ankunding277_2fb99851-6f31-04a6-be96-6fef4663e208.json,Bundle,transaction,1149,Patient,19,1,True
Nada112_Keeling57_fb56f051-a2cd-ac10-dcb0-e0738295fc1f.json,Bundle,transaction,1993,Patient,19,1,True
Nan75_Bednar518_e7c068bb-6d29-27d3-0b8b-ec0406cc91b7.json,Bundle,transaction,651,Patient,19,1,True
Nathaniel596_Kuhic920_adec1419-cf81-6640-abe6-cac7c0c1b9d4.json,Bundle,transaction,701,Patient,19,1,True
Nilda678_Wiza601_e503e9b3-d149-653b-92df-ca4a8cb68e16.json,Bundle,transaction,692,Patient,19,1,True
Pat3_Rutherford999_57efda89-b582-bb08-8a2d-e06b2c184bfc.json,Bundle,transaction,13358,Patient,20,1,True
practitionerInformation1787069559744.json,Bundle,batch,556,Practitioner,2,0,False
Preston275_Little434_3fa46c70-b194-f14c-3d51-e06cfa4bb9e2.json,Bundle,transaction,260,Patient,19,1,True
Raphael767_McLaughlin530_8c5b83b2-737e-46cf-953b-414e07ed78e7.json,Bundle,transaction,440,Patient,19,1,True
Reynalda736_Leuschke194_197ec76f-0730-2587-9ff9-a0f60104a782.json,Bundle,transaction,356,Patient,17,1,True
Rick943_Kulas532_1d63466e-0cfd-eb12-77aa-d153393355e5.json,Bundle,transaction,1033,Patient,19,1,True
Rogelio17_Monahan736_1426480f-ccc7-2393-40bd-f92ccf2b74b2.json,Bundle,transaction,676,Patient,20,1,True
Rosanne862_Ivana95_Simonis280_8704c44c-8b97-e35a-3bac-7d5b24de06b3.json,Bundle,transaction,898,Patient,19,1,True
Shaun461_Cormier289_f6745f8a-8107-443e-8946-3e6329d20408.json,Bundle,transaction,1065,Patient,20,1,True
Stanton715_Schimmel440_ee4b7339-ca58-b6af-c199-04b6d5761c73.json,Bundle,transaction,47,Patient,10,1,True
Stephanie963_Zemlak964_4af53267-820e-7687-87a4-f6716ef64a2e.json,Bundle,transaction,428,Patient,19,1,True
Stephine916_Christiansen251_9389eec9-a5c3-a9e1-b675-93cd1f199532.json,Bundle,transaction,850,Patient,19,1,True
Susan422_Barrows492_87f7ad7b-85f9-d26d-5a41-9933f4039331.json,Bundle,transaction,623,Patient,19,1,True
Tabatha105_Ruecker817_d309f605-948b-962f-ca72-878ce8b8d154.json,Bundle,transaction,860,Patient,19,1,True
Tanner110_Lubowitz58_bd4e49cb-391b-d08a-c7ab-b585e7bd5758.json,Bundle,transaction,195,Patient,16,1,True
Theressa101_Tabatha105_Carroll471_d21f2794-014b-c66b-3688-888382ab7434.json,Bundle,transaction,624,Patient,19,1,True
Thuy136_VonRueden376_96de62ae-1b00-58d8-77f9-cd25414e16be.json,Bundle,transaction,959,Patient,20,1,True
Titus37_Langosh790_09c573e2-a45d-aa5e-6a17-3c682155e6e3.json,Bundle,transaction,459,Patient,19,1,True
Tonisha838_Grady603_a5816bea-ad10-431f-1281-47baa2cf249b.json,Bundle,transaction,983,Patient,20,1,True
Tony646_Schoen8_6c4283c9-228b-2774-7d25-fbb5a14bdc1b.json,Bundle,transaction,300,Patient,17,1,True
Will178_Haley279_afb99eee-0bd5-8853-8a32-fad74da7b103.json,Bundle,transaction,253,Patient,19,1,True
Zachariah133_Morar593_a45aa142-d1e9-d944-f2c7-05015c90762d.json,Bundle,transaction,892,Patient,19,1,True
