resourceType,field,n_occurrences,pct_of_resources,value_kind
Condition,resourceType,3540,100.0,scalar
Condition,id,3540,100.0,scalar
Condition,meta,3540,100.0,nested_object
Condition,clinicalStatus,3540,100.0,nested_object
Condition,verificationStatus,3540,100.0,nested_object
Condition,category,3540,100.0,nested_array_of_objects
Condition,code,3540,100.0,nested_object
Condition,subject,3540,100.0,reference
Condition,encounter,3540,100.0,reference
Condition,onsetDateTime,3540,100.0,temporal
Condition,recordedDate,3540,100.0,temporal
Condition,abatementDateTime,2646,74.75,temporal
Encounter,resourceType,5635,100.0,scalar
Encounter,id,5635,100.0,scalar
Encounter,meta,5635,100.0,nested_object
Encounter,identifier,5635,100.0,nested_array_of_objects
Encounter,status,5635,100.0,scalar
Encounter,class,5635,100.0,nested_object
Encounter,type,5635,100.0,nested_array_of_objects
Encounter,subject,5635,100.0,reference
Encounter,participant,5635,100.0,nested_array_of_objects
Encounter,period,5635,100.0,temporal
Encounter,location,5635,100.0,nested_array_of_objects
Encounter,serviceProvider,5635,100.0,reference
Encounter,reasonCode,3580,63.53,nested_array_of_objects
Encounter,hospitalization,15,0.27,nested_object
MedicationRequest,resourceType,3858,100.0,scalar
MedicationRequest,id,3858,100.0,scalar
MedicationRequest,meta,3858,100.0,nested_object
MedicationRequest,status,3858,100.0,scalar
MedicationRequest,intent,3858,100.0,scalar
MedicationRequest,category,3858,100.0,nested_array_of_objects
MedicationRequest,subject,3858,100.0,reference
MedicationRequest,encounter,3858,100.0,reference
MedicationRequest,authoredOn,3858,100.0,temporal
MedicationRequest,requester,3858,100.0,reference
MedicationRequest,medicationCodeableConcept,2832,73.41,nested_object
MedicationRequest,reasonReference,2733,70.84,reference
MedicationRequest,dosageInstruction,1771,45.9,nested_array_of_objects
MedicationRequest,medicationReference,1026,26.59,reference
MedicationRequest,reasonCode,222,5.75,nested_array_of_objects
Observation,resourceType,46305,100.0,scalar
Observation,id,46305,100.0,scalar
Observation,status,46305,100.0,scalar
Observation,category,46305,100.0,nested_array_of_objects
Observation,code,46305,100.0,nested_object
Observation,subject,46305,100.0,reference
Observation,encounter,46305,100.0,reference
Observation,effectiveDateTime,46305,100.0,temporal
Observation,issued,46305,100.0,temporal
Observation,meta,43730,94.44,nested_object
Observation,valueQuantity,36082,77.92,nested_object
Observation,valueCodeableConcept,7896,17.05,nested_object
Observation,component,2267,4.9,nested_array_of_objects
Observation,valueString,60,0.13,scalar
Patient,resourceType,109,100.0,scalar
Patient,id,109,100.0,scalar
Patient,meta,109,100.0,nested_object
Patient,text,109,100.0,nested_object
Patient,extension,109,100.0,nested_array_of_objects
Patient,identifier,109,100.0,nested_array_of_objects
Patient,name,109,100.0,nested_array_of_objects
Patient,telecom,109,100.0,nested_array_of_objects
Patient,gender,109,100.0,scalar
Patient,birthDate,109,100.0,temporal
Patient,address,109,100.0,nested_array_of_objects
Patient,maritalStatus,109,100.0,nested_object
Patient,communication,109,100.0,nested_array_of_objects
Patient,multipleBirthBoolean,105,96.33,scalar
Patient,deceasedDateTime,9,8.26,temporal
Patient,multipleBirthInteger,4,3.67,scalar
