resourceType,count,percentage
Observation,46305,38.594
Procedure,16063,13.388
DiagnosticReport,11013,9.179
Claim,9493,7.912
ExplanationOfBenefit,9493,7.912
Encounter,5635,4.697
DocumentReference,5635,4.697
MedicationRequest,3858,3.216
Condition,3540,2.95
SupplyDelivery,2242,1.869
Immunization,1562,1.302
MedicationAdministration,1026,0.855
Medication,1026,0.855
Device,532,0.443
ImagingStudy,418,0.348
CareTeam,352,0.293
CarePlan,352,0.293
Location,279,0.233
PractitionerRole,278,0.232
Practitioner,278,0.232
Organization,278,0.232
Patient,109,0.091
Provenance,109,0.091
AllergyIntolerance,105,0.088
