representation,transformation_operation,affected_structure,information_retained,information_potentially_lost,expected_analytical_benefit,expected_preservation_risk
R1,"JSON-normalize CodeableConcept -> {system, code, display, text} columns, one row per concept occurrence","Condition.code, Observation.code, MedicationRequest.medicationCodeableConcept, Encounter.type","all codings (incl. alternates), display, text",none identified,tabular filtering/joins on system+code without losing terminology detail,Low
R1,keep all Observation value[x] representations as typed sibling columns; explode component[] into a child table,"Observation.value[x], Observation.component[]",every representation and unit/code observed in Section 4,none identified for representations already observed,"supports numeric, coded, and panel-style observations without forcing a single schema",Low
R1,"replace inline references with ids + separate relationship table (source_id, field, target_type, target_id)",all reference fields in Section 6,"full relationship topology, including partial coverage edges (e.g. MedicationRequest->Condition)",inline display text (redundant with target resource),"multi-resource joins (Section 11, W2-W4) remain fully supported",Low
R1,keep every distinct temporal field as its own column (no merging),all temporal fields in Section 7,clinical vs. documentation vs. resolution vs. issuance distinctions,none identified,supports Section 11 W3 (temporal ordering) without ambiguity,Low
R1,drop meta.profile / Provenance-style administrative metadata,meta.profile,all clinically/relationally/temporally relevant content,US Core profile conformance declarations,reduced column count with no measured analytical impact,Low
R2,collapse CodeableConcept to a single primary 'code' column (dominant coding system only),"Condition.code, Observation.code, MedicationRequest.medicationCodeableConcept, Encounter.type","dominant code, sufficient for single-terminology cohort selection","alternate coding (0.37% of concepts), display, text",simplest possible wide table for standard SQL/BI tooling,High
R2,unify Observation value[x] + component[] into one 'value' + 'unit' column per named component (wide schema),"Observation.value[x], Observation.component[]",numeric/coded value for the component codes known at schema-design time,any component/value type not anticipated in the fixed wide schema; polymorphic type distinction,"single flat Observation table, directly usable for aggregate statistics",High
R2,"replace references with bare foreign-key ids, no relationship table",all reference fields in Section 6,id-level joinability if the target table is still available downstream,explicit edge cardinality/topology metadata (Section 6); partial-coverage edges become indistinguishable from missing data without a separate audit,smaller table footprint,Medium
R2,reduce all temporal fields per resource to one primary timestamp,all temporal fields in Section 7,one representative point in time per resource,clinical-onset vs. documentation vs. resolution vs. issuance distinctions measured in Section 7,simplifies timeline construction to a single event-time column,High
R2,"drop administrative/provenance metadata (meta, clinicalStatus/verificationStatus text detail beyond primary code)","meta.profile, Condition.clinicalStatus/verificationStatus",primary clinical code and core relational/temporal content,"status qualifiers relevant to correct cohort selection (Section 11, W1/W2)",minimal remaining schema,Medium
