resourceType,field_path,physical_structure,semantic_category,n_resources_with_field,pct_of_resources,n_element_occurrences,example_value
Patient,resourceType,scalar,scalar,109,100.0,109,"""Patient"""
Patient,id,scalar,scalar,109,100.0,109,"""37549f60-b5a3-69cd-dea6-5a71c4bc23cf"""
Patient,meta,object,provenance_or_context,109,100.0,109,"{""profile"": [""http://hl7.org/fhir/us/core/StructureDefinition/us-core-patient""]}"
Patient,meta.profile,array_of_scalars,plain_array,109,100.0,109,"[""http://hl7.org/fhir/us/core/StructureDefinition/us-core-patient""]"
Patient,text,object,plain_object,109,100.0,109,"{""status"": ""generated"", ""div"": ""<div xmlns=\""http://www.w3.org/1999/xhtml\"">Generated by <a href=\""https://github.com/synthetichealth/synthea\"">Synthea</a>.Vers"
Patient,text.status,scalar,scalar,109,100.0,109,"""generated"""
Patient,text.div,scalar,scalar,109,100.0,109,"""<div xmlns=\""http://www.w3.org/1999/xhtml\"">Generated by <a href=\""https://github.com/synthetichealth/synthea\"">Synthea</a>.Version identifier: d9d07a6\n .   P"
Patient,extension,array_of_objects,plain_array,109,100.0,109,"[{""url"": ""http://hl7.org/fhir/us/core/StructureDefinition/us-core-race"", ""extension"": [{""url"": ""ombCategory"", ""valueCoding"": {""system"": ""urn:oid:2.16.840.1.1138"
Patient,extension[].url,scalar,scalar,109,100.0,763,"""http://hl7.org/fhir/us/core/StructureDefinition/us-core-race"""
Patient,extension[].extension,array_of_objects,plain_array,109,100.0,218,"[{""url"": ""ombCategory"", ""valueCoding"": {""system"": ""urn:oid:2.16.840.1.113883.6.238"", ""code"": ""2106-3"", ""display"": ""White""}}, {""url"": ""text"", ""valueString"": ""Whi"
Patient,extension[].extension[].url,scalar,scalar,109,100.0,436,"""ombCategory"""
Patient,extension[].extension[].valueCoding,object,coding,109,100.0,218,"{""system"": ""urn:oid:2.16.840.1.113883.6.238"", ""code"": ""2106-3"", ""display"": ""White""}"
Patient,extension[].extension[].valueCoding.system,scalar,scalar,109,100.0,218,"""urn:oid:2.16.840.1.113883.6.238"""
Patient,extension[].extension[].valueCoding.code,scalar,scalar,109,100.0,218,"""2106-3"""
Patient,extension[].extension[].valueCoding.display,scalar,scalar,109,100.0,218,"""White"""
Patient,extension[].extension[].valueString,scalar,scalar,109,100.0,218,"""White"""
Patient,extension[].valueString,scalar,scalar,109,100.0,109,"""Rochelle550 Wisoky380"""
Patient,extension[].valueCode,scalar,scalar,109,100.0,109,"""F"""
Patient,extension[].valueAddress,object,plain_object,109,100.0,109,"{""city"": ""Dover"", ""state"": ""Massachusetts"", ""country"": ""US""}"
Patient,extension[].valueAddress.city,scalar,scalar,109,100.0,109,"""Dover"""
Patient,extension[].valueAddress.state,scalar,scalar,109,100.0,109,"""Massachusetts"""
Patient,extension[].valueAddress.country,scalar,scalar,109,100.0,109,"""US"""
Patient,extension[].valueDecimal,scalar,scalar,109,100.0,218,0.05611092403938455
Patient,identifier,array_of_objects,plain_array,109,100.0,109,"[{""system"": ""https://github.com/synthetichealth/synthea"", ""value"": ""37549f60-b5a3-69cd-dea6-5a71c4bc23cf""}, {""type"": {""coding"": [{""system"": ""http://terminology."
Patient,identifier[].system,scalar,scalar,109,100.0,498,"""https://github.com/synthetichealth/synthea"""
Patient,identifier[].value,scalar,scalar,109,100.0,498,"""37549f60-b5a3-69cd-dea6-5a71c4bc23cf"""
Patient,identifier[].type,object,coded_concept,109,100.0,389,"{""coding"": [{""system"": ""http://terminology.hl7.org/CodeSystem/v2-0203"", ""code"": ""MR"", ""display"": ""Medical Record Number""}], ""text"": ""Medical Record Number""}"
Patient,identifier[].type.coding,array_of_objects,plain_array,109,100.0,389,"[{""system"": ""http://terminology.hl7.org/CodeSystem/v2-0203"", ""code"": ""MR"", ""display"": ""Medical Record Number""}]"
Patient,identifier[].type.coding[].system,scalar,scalar,109,100.0,389,"""http://terminology.hl7.org/CodeSystem/v2-0203"""
Patient,identifier[].type.coding[].code,scalar,scalar,109,100.0,389,"""MR"""
Patient,identifier[].type.coding[].display,scalar,scalar,109,100.0,389,"""Medical Record Number"""
Patient,identifier[].type.text,scalar,scalar,109,100.0,389,"""Medical Record Number"""
Patient,name,array_of_objects,plain_array,109,100.0,109,"[{""use"": ""official"", ""family"": ""Mosciski958"", ""given"": [""Alexandra16"", ""Dimple273""], ""prefix"": [""Ms.""]}]"
Patient,name[].use,scalar,scalar,109,100.0,129,"""official"""
Patient,name[].family,scalar,scalar,109,100.0,129,"""Mosciski958"""
Patient,name[].given,array_of_scalars,plain_array,109,100.0,129,"[""Alexandra16"", ""Dimple273""]"
Patient,telecom,array_of_objects,plain_array,109,100.0,109,"[{""system"": ""phone"", ""value"": ""555-987-5663"", ""use"": ""home""}]"
Patient,telecom[].system,scalar,scalar,109,100.0,109,"""phone"""
Patient,telecom[].value,scalar,scalar,109,100.0,109,"""555-987-5663"""
Patient,maritalStatus.coding,array_of_objects,plain_array,109,100.0,109,"[{""system"": ""http://terminology.hl7.org/CodeSystem/v3-MaritalStatus"", ""code"": ""S"", ""display"": ""Never Married""}]"
Patient,telecom[].use,scalar,scalar,109,100.0,109,"""home"""
Patient,gender,scalar,scalar,109,100.0,109,"""female"""
Patient,birthDate,scalar,temporal,109,100.0,109,"""1981-05-25"""
Patient,address,array_of_objects,plain_array,109,100.0,109,"[{""extension"": [{""url"": ""http://hl7.org/fhir/StructureDefinition/geolocation"", ""extension"": [{""url"": ""latitude"", ""valueDecimal"": 42.38699179783497}, {""url"": ""lo"
Patient,address[].extension,array_of_objects,plain_array,109,100.0,109,"[{""url"": ""http://hl7.org/fhir/StructureDefinition/geolocation"", ""extension"": [{""url"": ""latitude"", ""valueDecimal"": 42.38699179783497}, {""url"": ""longitude"", ""valu"
Patient,address[].extension[].url,scalar,scalar,109,100.0,109,"""http://hl7.org/fhir/StructureDefinition/geolocation"""
Patient,address[].extension[].extension,array_of_objects,plain_array,109,100.0,109,"[{""url"": ""latitude"", ""valueDecimal"": 42.38699179783497}, {""url"": ""longitude"", ""valueDecimal"": -71.29195588924944}]"
Patient,address[].extension[].extension[].url,scalar,scalar,109,100.0,218,"""latitude"""
Patient,address[].extension[].extension[].valueDecimal,scalar,scalar,109,100.0,218,42.38699179783497
Patient,address[].line,array_of_scalars,plain_array,109,100.0,109,"[""485 Heller Fork""]"
Patient,address[].city,scalar,scalar,109,100.0,109,"""Waltham"""
Patient,address[].state,scalar,scalar,109,100.0,109,"""MA"""
Patient,address[].postalCode,scalar,scalar,109,100.0,109,"""02472"""
Patient,address[].country,scalar,scalar,109,100.0,109,"""US"""
Patient,maritalStatus,object,coded_concept,109,100.0,109,"{""coding"": [{""system"": ""http://terminology.hl7.org/CodeSystem/v3-MaritalStatus"", ""code"": ""S"", ""display"": ""Never Married""}], ""text"": ""Never Married""}"
Patient,communication[].language.text,scalar,scalar,109,100.0,109,"""English (United States)"""
Patient,maritalStatus.coding[].system,scalar,scalar,109,100.0,109,"""http://terminology.hl7.org/CodeSystem/v3-MaritalStatus"""
Patient,maritalStatus.coding[].code,scalar,scalar,109,100.0,109,"""S"""
Patient,maritalStatus.coding[].display,scalar,scalar,109,100.0,109,"""Never Married"""
Patient,maritalStatus.text,scalar,scalar,109,100.0,109,"""Never Married"""
Patient,communication,array_of_objects,plain_array,109,100.0,109,"[{""language"": {""coding"": [{""system"": ""urn:ietf:bcp:47"", ""code"": ""en-US"", ""display"": ""English (United States)""}], ""text"": ""English (United States)""}}]"
Patient,communication[].language,object,coded_concept,109,100.0,109,"{""coding"": [{""system"": ""urn:ietf:bcp:47"", ""code"": ""en-US"", ""display"": ""English (United States)""}], ""text"": ""English (United States)""}"
Patient,communication[].language.coding,array_of_objects,plain_array,109,100.0,109,"[{""system"": ""urn:ietf:bcp:47"", ""code"": ""en-US"", ""display"": ""English (United States)""}]"
Patient,communication[].language.coding[].code,scalar,scalar,109,100.0,109,"""en-US"""
Patient,communication[].language.coding[].system,scalar,scalar,109,100.0,109,"""urn:ietf:bcp:47"""
Patient,communication[].language.coding[].display,scalar,scalar,109,100.0,109,"""English (United States)"""
Patient,multipleBirthBoolean,scalar,scalar,105,96.33,105,false
Patient,name[].prefix,array_of_scalars,plain_array,87,79.82,107,"[""Ms.""]"
Patient,deceasedDateTime,scalar,temporal,9,8.26,9,"""2023-08-22T15:37:22+00:00"""
Patient,multipleBirthInteger,scalar,scalar,4,3.67,4,3
Patient,name[].suffix,array_of_scalars,plain_array,1,0.92,1,"[""MD""]"
Encounter,resourceType,scalar,scalar,5635,100.0,5635,"""Encounter"""
Encounter,id,scalar,scalar,5635,100.0,5635,"""37549f60-b5a3-69cd-134f-352b28dfcfa1"""
Encounter,meta,object,provenance_or_context,5635,100.0,5635,"{""profile"": [""http://hl7.org/fhir/us/core/StructureDefinition/us-core-encounter""]}"
Encounter,meta.profile,array_of_scalars,plain_array,5635,100.0,5635,"[""http://hl7.org/fhir/us/core/StructureDefinition/us-core-encounter""]"
Encounter,identifier,array_of_objects,plain_array,5635,100.0,5635,"[{""use"": ""official"", ""system"": ""https://github.com/synthetichealth/synthea"", ""value"": ""37549f60-b5a3-69cd-134f-352b28dfcfa1""}]"
Encounter,identifier[].use,scalar,scalar,5635,100.0,5635,"""official"""
Encounter,identifier[].system,scalar,scalar,5635,100.0,5635,"""https://github.com/synthetichealth/synthea"""
Encounter,identifier[].value,scalar,scalar,5635,100.0,5635,"""37549f60-b5a3-69cd-134f-352b28dfcfa1"""
Encounter,status,scalar,scalar,5635,100.0,5635,"""finished"""
Encounter,class,object,coding,5635,100.0,5635,"{""system"": ""http://terminology.hl7.org/CodeSystem/v3-ActCode"", ""code"": ""AMB""}"
Encounter,class.system,scalar,scalar,5635,100.0,5635,"""http://terminology.hl7.org/CodeSystem/v3-ActCode"""
Encounter,class.code,scalar,scalar,5635,100.0,5635,"""AMB"""
Encounter,type,array_of_objects,plain_array,5635,100.0,5635,"[{""coding"": [{""system"": ""http://snomed.info/sct"", ""code"": ""162673000"", ""display"": ""General examination of patient (procedure)""}], ""text"": ""General examination o"
Encounter,type[].coding,array_of_objects,plain_array,5635,100.0,5635,"[{""system"": ""http://snomed.info/sct"", ""code"": ""162673000"", ""display"": ""General examination of patient (procedure)""}]"
Encounter,type[].coding[].system,scalar,scalar,5635,100.0,5635,"""http://snomed.info/sct"""
Encounter,type[].coding[].code,scalar,scalar,5635,100.0,5635,"""162673000"""
Encounter,type[].coding[].display,scalar,scalar,5635,100.0,5635,"""General examination of patient (procedure)"""
Encounter,type[].text,scalar,scalar,5635,100.0,5635,"""General examination of patient (procedure)"""
Encounter,subject,object,reference,5635,100.0,5635,"{""reference"": ""urn:uuid:37549f60-b5a3-69cd-dea6-5a71c4bc23cf"", ""display"": ""Ms. Alexandra16 Dimple273 Mosciski958""}"
Encounter,subject.reference,scalar,scalar,5635,100.0,5635,"""urn:uuid:37549f60-b5a3-69cd-dea6-5a71c4bc23cf"""
Encounter,subject.display,scalar,scalar,5635,100.0,5635,"""Ms. Alexandra16 Dimple273 Mosciski958"""
Encounter,participant,array_of_objects,plain_array,5635,100.0,5635,"[{""type"": [{""coding"": [{""system"": ""http://terminology.hl7.org/CodeSystem/v3-ParticipationType"", ""code"": ""PPRF"", ""display"": ""primary performer""}], ""text"": ""prima"
Encounter,participant[].type,array_of_objects,plain_array,5635,100.0,5635,"[{""coding"": [{""system"": ""http://terminology.hl7.org/CodeSystem/v3-ParticipationType"", ""code"": ""PPRF"", ""display"": ""primary performer""}], ""text"": ""primary perform"
Encounter,participant[].type[].coding,array_of_objects,plain_array,5635,100.0,5635,"[{""system"": ""http://terminology.hl7.org/CodeSystem/v3-ParticipationType"", ""code"": ""PPRF"", ""display"": ""primary performer""}]"
Encounter,participant[].type[].coding[].system,scalar,scalar,5635,100.0,5635,"""http://terminology.hl7.org/CodeSystem/v3-ParticipationType"""
Encounter,participant[].type[].coding[].code,scalar,scalar,5635,100.0,5635,"""PPRF"""
Encounter,participant[].type[].coding[].display,scalar,scalar,5635,100.0,5635,"""primary performer"""
Encounter,participant[].type[].text,scalar,scalar,5635,100.0,5635,"""primary performer"""
Encounter,participant[].period,object,temporal,5635,100.0,5635,"{""start"": ""1999-07-19T22:20:00+00:00"", ""end"": ""1999-07-19T23:00:52+00:00""}"
Encounter,participant[].period.start,scalar,temporal,5635,100.0,5635,"""1999-07-19T22:20:00+00:00"""
Encounter,participant[].period.end,scalar,temporal,5635,100.0,5635,"""1999-07-19T23:00:52+00:00"""
Encounter,participant[].individual,object,reference,5635,100.0,5635,"{""reference"": ""Practitioner?identifier=http://hl7.org/fhir/sid/us-npi|9999959197"", ""display"": ""Dr. Dierdre747 Leuschke194""}"
Encounter,participant[].individual.reference,scalar,scalar,5635,100.0,5635,"""Practitioner?identifier=http://hl7.org/fhir/sid/us-npi|9999959197"""
Encounter,participant[].individual.display,scalar,scalar,5635,100.0,5635,"""Dr. Dierdre747 Leuschke194"""
Encounter,period,object,temporal,5635,100.0,5635,"{""start"": ""1999-07-19T22:20:00+00:00"", ""end"": ""1999-07-19T23:00:52+00:00""}"
Encounter,period.start,scalar,temporal,5635,100.0,5635,"""1999-07-19T22:20:00+00:00"""
Encounter,period.end,scalar,temporal,5635,100.0,5635,"""1999-07-19T23:00:52+00:00"""
Encounter,location,array_of_objects,plain_array,5635,100.0,5635,"[{""location"": {""reference"": ""Location?identifier=https://github.com/synthetichealth/synthea|f5febcc2-737b-39f5-bd3e-5aa80ce16053"", ""display"": ""WESTON PRIMARY CA"
Encounter,location[].location,object,reference,5635,100.0,5635,"{""reference"": ""Location?identifier=https://github.com/synthetichealth/synthea|f5febcc2-737b-39f5-bd3e-5aa80ce16053"", ""display"": ""WESTON PRIMARY CARE, PC""}"
Encounter,location[].location.reference,scalar,scalar,5635,100.0,5635,"""Location?identifier=https://github.com/synthetichealth/synthea|f5febcc2-737b-39f5-bd3e-5aa80ce16053"""
Encounter,location[].location.display,scalar,scalar,5635,100.0,5635,"""WESTON PRIMARY CARE, PC"""
Encounter,serviceProvider,object,reference,5635,100.0,5635,"{""reference"": ""Organization?identifier=https://github.com/synthetichealth/synthea|34f0b10a-5e29-31de-a75e-e0bb03c0c0d4"", ""display"": ""WESTON PRIMARY CARE, PC""}"
Encounter,serviceProvider.reference,scalar,scalar,5635,100.0,5635,"""Organization?identifier=https://github.com/synthetichealth/synthea|34f0b10a-5e29-31de-a75e-e0bb03c0c0d4"""
Encounter,serviceProvider.display,scalar,scalar,5635,100.0,5635,"""WESTON PRIMARY CARE, PC"""
Encounter,reasonCode,array_of_objects,plain_array,3580,63.53,3580,"[{""coding"": [{""system"": ""http://snomed.info/sct"", ""code"": ""40275004"", ""display"": ""Contact dermatitis (disorder)""}]}]"
Encounter,reasonCode[].coding,array_of_objects,plain_array,3580,63.53,3580,"[{""system"": ""http://snomed.info/sct"", ""code"": ""40275004"", ""display"": ""Contact dermatitis (disorder)""}]"
Encounter,reasonCode[].coding[].system,scalar,scalar,3580,63.53,3580,"""http://snomed.info/sct"""
Encounter,reasonCode[].coding[].code,scalar,scalar,3580,63.53,3580,"""40275004"""
Encounter,reasonCode[].coding[].display,scalar,scalar,3580,63.53,3580,"""Contact dermatitis (disorder)"""
Encounter,hospitalization,object,plain_object,15,0.27,15,"{""dischargeDisposition"": {""coding"": [{""system"": ""http://www.nubc.org/patient-discharge"", ""code"": ""1"", ""display"": ""Discharge to home""}], ""text"": ""Discharge to ho"
Encounter,hospitalization.dischargeDisposition,object,coded_concept,15,0.27,15,"{""coding"": [{""system"": ""http://www.nubc.org/patient-discharge"", ""code"": ""1"", ""display"": ""Discharge to home""}], ""text"": ""Discharge to home""}"
Encounter,hospitalization.dischargeDisposition.coding,array_of_objects,plain_array,15,0.27,15,"[{""system"": ""http://www.nubc.org/patient-discharge"", ""code"": ""1"", ""display"": ""Discharge to home""}]"
Encounter,hospitalization.dischargeDisposition.coding[].system,scalar,scalar,15,0.27,15,"""http://www.nubc.org/patient-discharge"""
Encounter,hospitalization.dischargeDisposition.coding[].code,scalar,scalar,15,0.27,15,"""1"""
Encounter,hospitalization.dischargeDisposition.coding[].display,scalar,scalar,15,0.27,15,"""Discharge to home"""
Encounter,hospitalization.dischargeDisposition.text,scalar,scalar,15,0.27,15,"""Discharge to home"""
Condition,resourceType,scalar,scalar,3540,100.0,3540,"""Condition"""
Condition,id,scalar,scalar,3540,100.0,3540,"""37549f60-b5a3-69cd-7947-2fca8a37b349"""
Condition,meta,object,provenance_or_context,3540,100.0,3540,"{""profile"": [""http://hl7.org/fhir/us/core/StructureDefinition/us-core-condition-encounter-diagnosis""]}"
Condition,meta.profile,array_of_scalars,plain_array,3540,100.0,3540,"[""http://hl7.org/fhir/us/core/StructureDefinition/us-core-condition-encounter-diagnosis""]"
Condition,clinicalStatus,object,coded_concept,3540,100.0,3540,"{""coding"": [{""system"": ""http://terminology.hl7.org/CodeSystem/condition-clinical"", ""code"": ""active""}]}"
Condition,clinicalStatus.coding,array_of_objects,plain_array,3540,100.0,3540,"[{""system"": ""http://terminology.hl7.org/CodeSystem/condition-clinical"", ""code"": ""active""}]"
Condition,clinicalStatus.coding[].system,scalar,scalar,3540,100.0,3540,"""http://terminology.hl7.org/CodeSystem/condition-clinical"""
Condition,clinicalStatus.coding[].code,scalar,scalar,3540,100.0,3540,"""active"""
Condition,verificationStatus,object,coded_concept,3540,100.0,3540,"{""coding"": [{""system"": ""http://terminology.hl7.org/CodeSystem/condition-ver-status"", ""code"": ""confirmed""}]}"
Condition,verificationStatus.coding,array_of_objects,plain_array,3540,100.0,3540,"[{""system"": ""http://terminology.hl7.org/CodeSystem/condition-ver-status"", ""code"": ""confirmed""}]"
Condition,verificationStatus.coding[].system,scalar,scalar,3540,100.0,3540,"""http://terminology.hl7.org/CodeSystem/condition-ver-status"""
Condition,verificationStatus.coding[].code,scalar,scalar,3540,100.0,3540,"""confirmed"""
Condition,category,array_of_objects,plain_array,3540,100.0,3540,"[{""coding"": [{""system"": ""http://terminology.hl7.org/CodeSystem/condition-category"", ""code"": ""encounter-diagnosis"", ""display"": ""Encounter Diagnosis""}]}]"
Condition,category[].coding,array_of_objects,plain_array,3540,100.0,3540,"[{""system"": ""http://terminology.hl7.org/CodeSystem/condition-category"", ""code"": ""encounter-diagnosis"", ""display"": ""Encounter Diagnosis""}]"
Condition,category[].coding[].system,scalar,scalar,3540,100.0,3540,"""http://terminology.hl7.org/CodeSystem/condition-category"""
Condition,category[].coding[].code,scalar,scalar,3540,100.0,3540,"""encounter-diagnosis"""
Condition,category[].coding[].display,scalar,scalar,3540,100.0,3540,"""Encounter Diagnosis"""
Condition,code,object,coded_concept,3540,100.0,3540,"{""coding"": [{""system"": ""http://snomed.info/sct"", ""code"": ""224299000"", ""display"": ""Received higher education (finding)""}], ""text"": ""Received higher education (fi"
Condition,code.coding,array_of_objects,plain_array,3540,100.0,3540,"[{""system"": ""http://snomed.info/sct"", ""code"": ""224299000"", ""display"": ""Received higher education (finding)""}]"
Condition,code.coding[].system,scalar,scalar,3540,100.0,3540,"""http://snomed.info/sct"""
Condition,code.coding[].code,scalar,scalar,3540,100.0,3540,"""224299000"""
Condition,code.coding[].display,scalar,scalar,3540,100.0,3540,"""Received higher education (finding)"""
Condition,code.text,scalar,scalar,3540,100.0,3540,"""Received higher education (finding)"""
Condition,subject,object,reference,3540,100.0,3540,"{""reference"": ""urn:uuid:37549f60-b5a3-69cd-dea6-5a71c4bc23cf""}"
Condition,subject.reference,scalar,scalar,3540,100.0,3540,"""urn:uuid:37549f60-b5a3-69cd-dea6-5a71c4bc23cf"""
Condition,encounter,object,reference,3540,100.0,3540,"{""reference"": ""urn:uuid:37549f60-b5a3-69cd-134f-352b28dfcfa1""}"
Condition,encounter.reference,scalar,scalar,3540,100.0,3540,"""urn:uuid:37549f60-b5a3-69cd-134f-352b28dfcfa1"""
Condition,onsetDateTime,scalar,temporal,3540,100.0,3540,"""1999-07-19T23:00:52+00:00"""
Condition,recordedDate,scalar,temporal,3540,100.0,3540,"""1999-07-19T23:00:52+00:00"""
Condition,abatementDateTime,scalar,temporal,2646,74.75,2646,"""2023-06-05T23:12:14+00:00"""
Observation,resourceType,scalar,scalar,46305,100.0,46305,"""Observation"""
Observation,id,scalar,scalar,46305,100.0,46305,"""37549f60-b5a3-69cd-9be7-59f59b340d58"""
Observation,status,scalar,scalar,46305,100.0,46305,"""final"""
Observation,category[].coding,array_of_objects,plain_array,46305,100.0,46305,"[{""system"": ""http://terminology.hl7.org/CodeSystem/observation-category"", ""code"": ""laboratory"", ""display"": ""Laboratory""}]"
Observation,category,array_of_objects,plain_array,46305,100.0,46305,"[{""coding"": [{""system"": ""http://terminology.hl7.org/CodeSystem/observation-category"", ""code"": ""laboratory"", ""display"": ""Laboratory""}]}]"
Observation,code.coding[].code,scalar,scalar,46305,100.0,46702,"""4548-4"""
Observation,code.coding[].display,scalar,scalar,46305,100.0,46702,"""Hemoglobin A1c/Hemoglobin.total in Blood"""
Observation,category[].coding[].system,scalar,scalar,46305,100.0,46305,"""http://terminology.hl7.org/CodeSystem/observation-category"""
Observation,category[].coding[].code,scalar,scalar,46305,100.0,46305,"""laboratory"""
Observation,category[].coding[].display,scalar,scalar,46305,100.0,46305,"""Laboratory"""
Observation,code,object,coded_concept,46305,100.0,46305,"{""coding"": [{""system"": ""http://loinc.org"", ""code"": ""4548-4"", ""display"": ""Hemoglobin A1c/Hemoglobin.total in Blood""}], ""text"": ""Hemoglobin A1c/Hemoglobin.total i"
Observation,code.coding,array_of_objects,plain_array,46305,100.0,46305,"[{""system"": ""http://loinc.org"", ""code"": ""4548-4"", ""display"": ""Hemoglobin A1c/Hemoglobin.total in Blood""}]"
Observation,code.coding[].system,scalar,scalar,46305,100.0,46702,"""http://loinc.org"""
Observation,subject.reference,scalar,scalar,46305,100.0,46305,"""urn:uuid:37549f60-b5a3-69cd-dea6-5a71c4bc23cf"""
Observation,encounter,object,reference,46305,100.0,46305,"{""reference"": ""urn:uuid:37549f60-b5a3-69cd-ad4a-2091412653c2""}"
Observation,code.text,scalar,scalar,46305,100.0,46305,"""Hemoglobin A1c/Hemoglobin.total in Blood"""
Observation,subject,object,reference,46305,100.0,46305,"{""reference"": ""urn:uuid:37549f60-b5a3-69cd-dea6-5a71c4bc23cf""}"
Observation,encounter.reference,scalar,scalar,46305,100.0,46305,"""urn:uuid:37549f60-b5a3-69cd-ad4a-2091412653c2"""
Observation,effectiveDateTime,scalar,temporal,46305,100.0,46305,"""2016-12-05T22:20:00+00:00"""
Observation,issued,scalar,temporal,46305,100.0,46305,"""2016-12-05T22:20:00.256+00:00"""
Observation,meta.profile,array_of_scalars,plain_array,43730,94.44,43730,"[""http://hl7.org/fhir/us/core/StructureDefinition/us-core-observation-lab""]"
Observation,meta,object,provenance_or_context,43730,94.44,43730,"{""profile"": [""http://hl7.org/fhir/us/core/StructureDefinition/us-core-observation-lab""]}"
Observation,valueQuantity,object,quantity,36082,77.92,36082,"{""value"": 5.85, ""unit"": ""%"", ""system"": ""http://unitsofmeasure.org"", ""code"": ""%""}"
Observation,valueQuantity.value,scalar,scalar,36082,77.92,36082,5.85
Observation,valueQuantity.unit,scalar,scalar,36079,77.92,36079,"""%"""
Observation,valueQuantity.system,scalar,scalar,36082,77.92,36082,"""http://unitsofmeasure.org"""
Observation,valueQuantity.code,scalar,scalar,36079,77.92,36079,"""%"""
Observation,valueCodeableConcept,object,coded_concept,7896,17.05,7896,"{""coding"": [{""system"": ""http://snomed.info/sct"", ""code"": ""266919005"", ""display"": ""Never smoked tobacco (finding)""}], ""text"": ""Never smoked tobacco (finding)""}"
Observation,valueCodeableConcept.coding,array_of_objects,plain_array,7896,17.05,7896,"[{""system"": ""http://snomed.info/sct"", ""code"": ""266919005"", ""display"": ""Never smoked tobacco (finding)""}]"
Observation,valueCodeableConcept.coding[].system,scalar,scalar,7896,17.05,7896,"""http://snomed.info/sct"""
Observation,valueCodeableConcept.coding[].code,scalar,scalar,7896,17.05,7896,"""266919005"""
Observation,valueCodeableConcept.text,scalar,scalar,7896,17.05,7896,"""Never smoked tobacco (finding)"""
Observation,valueCodeableConcept.coding[].display,scalar,scalar,7896,17.05,7896,"""Never smoked tobacco (finding)"""
Observation,component[].code.coding,array_of_objects,plain_array,2267,4.9,21778,"[{""system"": ""http://loinc.org"", ""code"": ""8462-4"", ""display"": ""Diastolic Blood Pressure""}]"
Observation,component[].code.coding[].system,scalar,scalar,2267,4.9,21778,"""http://loinc.org"""
Observation,component,array_of_objects,plain_array,2267,4.9,2267,"[{""code"": {""coding"": [{""system"": ""http://loinc.org"", ""code"": ""8462-4"", ""display"": ""Diastolic Blood Pressure""}], ""text"": ""Diastolic Blood Pressure""}, ""valueQuant"
Observation,component[].code,object,coded_concept,2267,4.9,21778,"{""coding"": [{""system"": ""http://loinc.org"", ""code"": ""8462-4"", ""display"": ""Diastolic Blood Pressure""}], ""text"": ""Diastolic Blood Pressure""}"
Observation,component[].valueQuantity.unit,scalar,scalar,2267,4.9,4536,"""mm[Hg]"""
Observation,component[].valueQuantity.value,scalar,scalar,2267,4.9,4536,70
Observation,component[].valueQuantity,object,quantity,2267,4.9,4536,"{""value"": 70, ""unit"": ""mm[Hg]"", ""system"": ""http://unitsofmeasure.org"", ""code"": ""mm[Hg]""}"
Observation,component[].code.text,scalar,scalar,2267,4.9,21778,"""Diastolic Blood Pressure"""
Observation,component[].code.coding[].display,scalar,scalar,2267,4.9,21778,"""Diastolic Blood Pressure"""
Observation,component[].code.coding[].code,scalar,scalar,2267,4.9,21778,"""8462-4"""
Observation,component[].valueQuantity.system,scalar,scalar,2267,4.9,4536,"""http://unitsofmeasure.org"""
Observation,component[].valueQuantity.code,scalar,scalar,2267,4.9,4536,"""mm[Hg]"""
Observation,component[].valueString,scalar,scalar,916,1.98,916,"""485 Heller Fork"""
Observation,component[].valueCodeableConcept,object,coded_concept,907,1.96,16326,"{""coding"": [{""system"": ""http://loinc.org"", ""code"": ""LA32-8"", ""display"": ""No""}], ""text"": ""No""}"
Observation,component[].valueCodeableConcept.coding[].system,scalar,scalar,907,1.96,16326,"""http://loinc.org"""
Observation,component[].valueCodeableConcept.coding,array_of_objects,plain_array,907,1.96,16326,"[{""system"": ""http://loinc.org"", ""code"": ""LA32-8"", ""display"": ""No""}]"
Observation,component[].valueCodeableConcept.coding[].code,scalar,scalar,907,1.96,16326,"""LA32-8"""
Observation,component[].valueCodeableConcept.coding[].display,scalar,scalar,907,1.96,16326,"""No"""
Observation,component[].valueCodeableConcept.text,scalar,scalar,907,1.96,16326,"""No"""
Observation,valueString,scalar,scalar,60,0.13,60,"""Greater than 100,000 colony forming units per mL Escherichia coli"""
MedicationRequest,resourceType,scalar,scalar,3858,100.0,3858,"""MedicationRequest"""
MedicationRequest,id,scalar,scalar,3858,100.0,3858,"""37549f60-b5a3-69cd-7c8d-7cdeb5474df5"""
MedicationRequest,meta,object,provenance_or_context,3858,100.0,3858,"{""profile"": [""http://hl7.org/fhir/us/core/StructureDefinition/us-core-medicationrequest""]}"
MedicationRequest,meta.profile,array_of_scalars,plain_array,3858,100.0,3858,"[""http://hl7.org/fhir/us/core/StructureDefinition/us-core-medicationrequest""]"
MedicationRequest,status,scalar,scalar,3858,100.0,3858,"""active"""
MedicationRequest,intent,scalar,scalar,3858,100.0,3858,"""order"""
MedicationRequest,category,array_of_objects,plain_array,3858,100.0,3858,"[{""coding"": [{""system"": ""http://terminology.hl7.org/CodeSystem/medicationrequest-category"", ""code"": ""community"", ""display"": ""Community""}], ""text"": ""Community""}]"
MedicationRequest,category[].coding,array_of_objects,plain_array,3858,100.0,3858,"[{""system"": ""http://terminology.hl7.org/CodeSystem/medicationrequest-category"", ""code"": ""community"", ""display"": ""Community""}]"
MedicationRequest,category[].coding[].system,scalar,scalar,3858,100.0,3858,"""http://terminology.hl7.org/CodeSystem/medicationrequest-category"""
MedicationRequest,category[].coding[].code,scalar,scalar,3858,100.0,3858,"""community"""
MedicationRequest,category[].coding[].display,scalar,scalar,3858,100.0,3858,"""Community"""
MedicationRequest,category[].text,scalar,scalar,3858,100.0,3858,"""Community"""
MedicationRequest,subject,object,reference,3858,100.0,3858,"{""reference"": ""urn:uuid:37549f60-b5a3-69cd-dea6-5a71c4bc23cf""}"
MedicationRequest,subject.reference,scalar,scalar,3858,100.0,3858,"""urn:uuid:37549f60-b5a3-69cd-dea6-5a71c4bc23cf"""
MedicationRequest,requester.display,scalar,scalar,3858,100.0,3858,"""Dr. Dewayne363 Lemke654"""
MedicationRequest,requester.reference,scalar,scalar,3858,100.0,3858,"""Practitioner?identifier=http://hl7.org/fhir/sid/us-npi|9999994590"""
MedicationRequest,requester,object,reference,3858,100.0,3858,"{""reference"": ""Practitioner?identifier=http://hl7.org/fhir/sid/us-npi|9999994590"", ""display"": ""Dr. Dewayne363 Lemke654""}"
MedicationRequest,authoredOn,scalar,temporal,3858,100.0,3858,"""2005-06-05T22:20:00+00:00"""
MedicationRequest,encounter.reference,scalar,scalar,3858,100.0,3858,"""urn:uuid:37549f60-b5a3-69cd-1f2b-5b0e1daa6e75"""
MedicationRequest,encounter,object,reference,3858,100.0,3858,"{""reference"": ""urn:uuid:37549f60-b5a3-69cd-1f2b-5b0e1daa6e75""}"
MedicationRequest,medicationCodeableConcept.coding[].display,scalar,scalar,2832,73.41,2832,"""Hydrocortisone 10 MG/ML Topical Cream"""
MedicationRequest,medicationCodeableConcept.text,scalar,scalar,2832,73.41,2832,"""Hydrocortisone 10 MG/ML Topical Cream"""
MedicationRequest,medicationCodeableConcept.coding[].system,scalar,scalar,2832,73.41,2832,"""http://www.nlm.nih.gov/research/umls/rxnorm"""
MedicationRequest,medicationCodeableConcept.coding[].code,scalar,scalar,2832,73.41,2832,"""106258"""
MedicationRequest,medicationCodeableConcept.coding,array_of_objects,plain_array,2832,73.41,2832,"[{""system"": ""http://www.nlm.nih.gov/research/umls/rxnorm"", ""code"": ""106258"", ""display"": ""Hydrocortisone 10 MG/ML Topical Cream""}]"
MedicationRequest,medicationCodeableConcept,object,coded_concept,2832,73.41,2832,"{""coding"": [{""system"": ""http://www.nlm.nih.gov/research/umls/rxnorm"", ""code"": ""106258"", ""display"": ""Hydrocortisone 10 MG/ML Topical Cream""}], ""text"": ""Hydrocort"
MedicationRequest,reasonReference[].display,scalar,scalar,2733,70.84,2733,"""Gingivitis (disorder)"""
MedicationRequest,reasonReference,array_of_objects,plain_array,2733,70.84,2733,"[{""reference"": ""urn:uuid:37549f60-b5a3-69cd-3a57-7eb5666e8388"", ""display"": ""Gingivitis (disorder)""}]"
MedicationRequest,reasonReference[].reference,scalar,scalar,2733,70.84,2733,"""urn:uuid:37549f60-b5a3-69cd-3a57-7eb5666e8388"""
MedicationRequest,dosageInstruction[].asNeededBoolean,scalar,scalar,1771,45.9,1771,true
MedicationRequest,dosageInstruction,array_of_objects,plain_array,1771,45.9,1771,"[{""sequence"": 1, ""text"": ""Take as needed."", ""asNeededBoolean"": true}]"
MedicationRequest,dosageInstruction[].sequence,scalar,scalar,1771,45.9,1771,1
MedicationRequest,dosageInstruction[].doseAndRate[].doseQuantity,object,plain_object,1332,34.53,1332,"{""value"": 1.0}"
MedicationRequest,dosageInstruction[].doseAndRate[].doseQuantity.value,scalar,scalar,1332,34.53,1332,1.0
MedicationRequest,dosageInstruction[].timing,object,plain_object,1332,34.53,1332,"{""repeat"": {""frequency"": 1, ""period"": 1.0, ""periodUnit"": ""d""}}"
MedicationRequest,dosageInstruction[].timing.repeat,object,plain_object,1332,34.53,1332,"{""frequency"": 1, ""period"": 1.0, ""periodUnit"": ""d""}"
MedicationRequest,dosageInstruction[].timing.repeat.frequency,scalar,scalar,1332,34.53,1332,1
MedicationRequest,dosageInstruction[].doseAndRate[].type.coding[].code,scalar,scalar,1332,34.53,1332,"""ordered"""
MedicationRequest,dosageInstruction[].doseAndRate[].type.coding[].system,scalar,scalar,1332,34.53,1332,"""http://terminology.hl7.org/CodeSystem/dose-rate-type"""
MedicationRequest,dosageInstruction[].doseAndRate[].type.coding,array_of_objects,plain_array,1332,34.53,1332,"[{""system"": ""http://terminology.hl7.org/CodeSystem/dose-rate-type"", ""code"": ""ordered"", ""display"": ""Ordered""}]"
MedicationRequest,dosageInstruction[].doseAndRate[].type,object,coded_concept,1332,34.53,1332,"{""coding"": [{""system"": ""http://terminology.hl7.org/CodeSystem/dose-rate-type"", ""code"": ""ordered"", ""display"": ""Ordered""}]}"
MedicationRequest,dosageInstruction[].doseAndRate,array_of_objects,plain_array,1332,34.53,1332,"[{""type"": {""coding"": [{""system"": ""http://terminology.hl7.org/CodeSystem/dose-rate-type"", ""code"": ""ordered"", ""display"": ""Ordered""}]}, ""doseQuantity"": {""value"": 1"
MedicationRequest,dosageInstruction[].timing.repeat.periodUnit,scalar,scalar,1332,34.53,1332,"""d"""
MedicationRequest,dosageInstruction[].timing.repeat.period,scalar,scalar,1332,34.53,1332,1.0
MedicationRequest,dosageInstruction[].doseAndRate[].type.coding[].display,scalar,scalar,1332,34.53,1332,"""Ordered"""
MedicationRequest,medicationReference,object,reference,1026,26.59,1026,"{""reference"": ""urn:uuid:279606b9-fcf3-8632-8974-88051fa10dfc""}"
MedicationRequest,medicationReference.reference,scalar,scalar,1026,26.59,1026,"""urn:uuid:279606b9-fcf3-8632-8974-88051fa10dfc"""
MedicationRequest,dosageInstruction[].text,scalar,scalar,772,20.01,772,"""Take as needed."""
MedicationRequest,dosageInstruction[].additionalInstruction[].coding[].system,scalar,scalar,333,8.63,333,"""http://snomed.info/sct"""
MedicationRequest,dosageInstruction[].additionalInstruction[].coding[].code,scalar,scalar,333,8.63,333,"""418577003"""
MedicationRequest,dosageInstruction[].additionalInstruction,array_of_objects,plain_array,333,8.63,333,"[{""coding"": [{""system"": ""http://snomed.info/sct"", ""code"": ""418577003"", ""display"": ""Take at regular intervals. Complete the prescribed course unless otherwise di"
MedicationRequest,dosageInstruction[].additionalInstruction[].coding,array_of_objects,plain_array,333,8.63,333,"[{""system"": ""http://snomed.info/sct"", ""code"": ""418577003"", ""display"": ""Take at regular intervals. Complete the prescribed course unless otherwise directed (qual"
MedicationRequest,dosageInstruction[].additionalInstruction[].coding[].display,scalar,scalar,333,8.63,333,"""Take at regular intervals. Complete the prescribed course unless otherwise directed (qualifier value)"""
MedicationRequest,dosageInstruction[].additionalInstruction[].text,scalar,scalar,333,8.63,333,"""Take at regular intervals. Complete the prescribed course unless otherwise directed (qualifier value)"""
MedicationRequest,reasonCode[].coding,array_of_objects,plain_array,222,5.75,222,"[{""system"": ""http://snomed.info/sct"", ""code"": ""40275004"", ""display"": ""Contact dermatitis (disorder)""}]"
MedicationRequest,reasonCode,array_of_objects,plain_array,222,5.75,222,"[{""coding"": [{""system"": ""http://snomed.info/sct"", ""code"": ""40275004"", ""display"": ""Contact dermatitis (disorder)""}], ""text"": ""Contact dermatitis (disorder)""}]"
MedicationRequest,reasonCode[].text,scalar,scalar,222,5.75,222,"""Contact dermatitis (disorder)"""
MedicationRequest,reasonCode[].coding[].display,scalar,scalar,222,5.75,222,"""Contact dermatitis (disorder)"""
MedicationRequest,reasonCode[].coding[].code,scalar,scalar,222,5.75,222,"""40275004"""
MedicationRequest,reasonCode[].coding[].system,scalar,scalar,222,5.75,222,"""http://snomed.info/sct"""
