structure,transformation_operation,risk_level,rationale
CodeableConcept (Condition.code / Observation.code / MedicationRequest.medicationCodeableConcept / Encounter.type),JSON normalization (explode coding[] + text into separate columns),Low,"All sub-fields (system, code, display, text) retained as columns; fully reconstructable."
CodeableConcept (same fields),selecting only one coding (drop alternative codings),Medium,"0.37% of coded concepts observed carry >1 coding; for those, the dropped coding system/code is not derivable from the retained one."
CodeableConcept (same fields),"converting coded concepts to a simple categorical column (single code string, no system/display/text)",High,Coding system is intrinsic to code interpretation (the same code string means different things under different systems); display/text are not derivable from a bare code.
Observation value[x] polymorphism (valueQuantity / valueCodeableConcept / valueString / ...),converting Observation values to one common tabular schema (unify value[x] into value+unit+code columns),Medium,Numeric/coded/string representations can be mapped into typed sibling columns without loss if all representations get dedicated columns; risk becomes High only if a single generic 'value' column is forced across incompatible types.
"Observation.component[] (panel-style observations, e.g. blood pressure)",exploding arrays (one row per component),Low,Each component retains its own code + value + unit; the parent Observation id preserves the grouping key.
Observation.component[] (same),flattening nested objects into a single wide row (one column per possible component code),Medium,Reconstructable only if the full set of possible component codes is known in advance and stable; new/unseen component codes fall outside a fixed wide schema.
References (Observation/Condition/MedicationRequest -> Patient/Encounter; MedicationRequest.reasonReference -> Condition),"replacing references with plain identifiers (drop display, keep id)",Low,"The id alone is sufficient to re-join to the referenced resource, which remains available in R0/R1; only the inline display text (redundant with the target resource) is dropped."
References (same),dropping references entirely,High,"No relationship table remains; multi-resource joins (Section 6) become unreconstructable, including the already-partial MedicationRequest->Condition edge."
"Quantity (Observation.valueQuantity, component[].valueQuantity)","extraction of selected fields (keep 'value' only, drop 'unit'/'system'/'code')",High,A bare numeric value without its unit of measure is not interpretable or comparable across observations of the same code measured in different units.
Temporal fields (Condition.onsetDateTime / recordedDate / abatementDateTime; Observation.effectiveDateTime / issued),reducing multiple temporal fields to one timestamp,High,"These fields carry distinct semantics (clinical vs. documentation vs. resolution time); Section 7 shows they are not always equal, so collapsing them discards a real, measured distinction."
Encounter.period (start/end pair),reducing multiple temporal fields to one timestamp,High,Period is a compound interval; keeping only 'start' (or only 'end') discards encounter duration entirely.
"Identifiers (Encounter.identifier, Patient.identifier)",removal of administrative metadata,Medium,The internal FHIR resource id remains a stable join key even without the external identifier; only external-system cross-referencing capability is lost.
meta.profile (US Core profile declarations),removal of administrative metadata,Low,Profile conformance metadata is not used by any of the proposed analytical workloads (Section 11); dropping it does not affect clinical/temporal/relational content.
MedicationRequest.dosageInstruction,"extraction of selected fields (keep structured dose only, drop free-text 'text')",Medium,"Structured dosage timing/quantity fields are largely reconstructable from data already present, but the human-authored free-text instruction is not fully re-derivable from structured fields alone."
Condition.clinicalStatus / verificationStatus,removal of administrative metadata,Medium,"These are provenance/context fields (active vs resolved, confirmed vs provisional) that affect cohort-selection correctness (Section 11, W1/W2) without being the primary clinical code itself."
