workload_id,representation,result_id
W1,R0,06476266-59b1-ded7-4138-3c7543fd4981
W1,R0,09c573e2-a45d-aa5e-6a17-3c682155e6e3
W1,R0,0b786670-17af-32e1-b2d2-f77c33874b30
W1,R0,0f3d04a2-f42e-1429-acef-0becd0a0fcea
W1,R0,2211f478-b7b4-7711-16cf-84ffb52b9d2b
W1,R0,239b0c86-371a-3080-fcd9-8379b296bc9a
W1,R0,31f368d9-3fdc-a15f-ccdc-fafa74a860e9
W1,R0,355a4d50-2628-aa65-c336-deacf4d606fb
W1,R0,3c0e60c4-176e-2c4c-3b85-b46be390cf5e
W1,R0,45f3a7b6-d706-f174-d043-16814aa127ed
W1,R0,4af53267-820e-7687-87a4-f6716ef64a2e
W1,R0,4be6b5fb-2a19-943a-9249-7068445be4cc
W1,R0,5693c080-f485-91e7-54b9-ad9a8c12af62
W1,R0,57efda89-b582-bb08-8a2d-e06b2c184bfc
W1,R0,6095681c-dfc1-8f20-411c-42cef37189fa
W1,R0,65cbad6a-eb9d-420e-9bab-b4f9c6aab7db
W1,R0,6a703775-432b-ba7d-d53a-c4d7bb0f5b58
W1,R0,6d04a400-ad21-5951-b092-c14b6358d4c5
W1,R0,7132442e-b0b9-a886-e28d-f83700e5a3bd
W1,R0,716c6d0a-2a5d-0aaa-9ced-312ed6a943da
W1,R0,72b1ca95-c4f0-269d-28bf-ba36b25a9aa6
W1,R0,765bd034-e8d7-f102-eb1c-4b7792fc5684
W1,R0,83093df7-a1e4-b827-72e6-c6d604fd7748
W1,R0,8704c44c-8b97-e35a-3bac-7d5b24de06b3
W1,R0,887e4b4e-a3e1-b573-4a16-38386d3e0b88
W1,R0,8b9df7af-24b3-66ee-afeb-2734ebcbd33c
W1,R0,96de62ae-1b00-58d8-77f9-cd25414e16be
W1,R0,9a3814bb-f5b0-05f3-928e-fe6640d5aa2a
W1,R0,9c26986a-d81d-62f0-ee7a-ab8bb6377434
W1,R0,a45aa142-d1e9-d944-f2c7-05015c90762d
W1,R0,a6d0791e-4c15-58e6-c30a-ec25e285ace9
W1,R0,adec1419-cf81-6640-abe6-cac7c0c1b9d4
W1,R0,ba47a33b-ffb6-25b9-e8bf-e7eabeaee1be
W1,R0,c823813e-2588-4814-6eb4-824974791862
W1,R0,cbd1dd48-89c3-3fdb-434e-3f0802738abf
W1,R0,ccaa0537-4e7f-99d8-8b79-c7c94c749579
W1,R0,d21f2794-014b-c66b-3688-888382ab7434
W1,R0,d21fc5fa-6dc5-8058-1d11-5fd631086b72
W1,R0,e142981b-3577-4115-584d-d9676df7fcff
W1,R0,f6745f8a-8107-443e-8946-3e6329d20408
W1,R0,fb56f051-a2cd-ac10-dcb0-e0738295fc1f
W1,R1,06476266-59b1-ded7-4138-3c7543fd4981
W1,R1,09c573e2-a45d-aa5e-6a17-3c682155e6e3
W1,R1,0b786670-17af-32e1-b2d2-f77c33874b30
W1,R1,0f3d04a2-f42e-1429-acef-0becd0a0fcea
W1,R1,2211f478-b7b4-7711-16cf-84ffb52b9d2b
W1,R1,239b0c86-371a-3080-fcd9-8379b296bc9a
W1,R1,31f368d9-3fdc-a15f-ccdc-fafa74a860e9
W1,R1,355a4d50-2628-aa65-c336-deacf4d606fb
W1,R1,3c0e60c4-176e-2c4c-3b85-b46be390cf5e
W1,R1,45f3a7b6-d706-f174-d043-16814aa127ed
W1,R1,4af53267-820e-7687-87a4-f6716ef64a2e
W1,R1,4be6b5fb-2a19-943a-9249-7068445be4cc
W1,R1,5693c080-f485-91e7-54b9-ad9a8c12af62
W1,R1,57efda89-b582-bb08-8a2d-e06b2c184bfc
W1,R1,6095681c-dfc1-8f20-411c-42cef37189fa
W1,R1,65cbad6a-eb9d-420e-9bab-b4f9c6aab7db
W1,R1,6a703775-432b-ba7d-d53a-c4d7bb0f5b58
W1,R1,6d04a400-ad21-5951-b092-c14b6358d4c5
W1,R1,7132442e-b0b9-a886-e28d-f83700e5a3bd
W1,R1,716c6d0a-2a5d-0aaa-9ced-312ed6a943da
W1,R1,72b1ca95-c4f0-269d-28bf-ba36b25a9aa6
W1,R1,765bd034-e8d7-f102-eb1c-4b7792fc5684
W1,R1,83093df7-a1e4-b827-72e6-c6d604fd7748
W1,R1,8704c44c-8b97-e35a-3bac-7d5b24de06b3
W1,R1,887e4b4e-a3e1-b573-4a16-38386d3e0b88
W1,R1,8b9df7af-24b3-66ee-afeb-2734ebcbd33c
W1,R1,96de62ae-1b00-58d8-77f9-cd25414e16be
W1,R1,9a3814bb-f5b0-05f3-928e-fe6640d5aa2a
W1,R1,9c26986a-d81d-62f0-ee7a-ab8bb6377434
W1,R1,a45aa142-d1e9-d944-f2c7-05015c90762d
W1,R1,a6d0791e-4c15-58e6-c30a-ec25e285ace9
W1,R1,adec1419-cf81-6640-abe6-cac7c0c1b9d4
W1,R1,ba47a33b-ffb6-25b9-e8bf-e7eabeaee1be
W1,R1,c823813e-2588-4814-6eb4-824974791862
W1,R1,cbd1dd48-89c3-3fdb-434e-3f0802738abf
W1,R1,ccaa0537-4e7f-99d8-8b79-c7c94c749579
W1,R1,d21f2794-014b-c66b-3688-888382ab7434
W1,R1,d21fc5fa-6dc5-8058-1d11-5fd631086b72
W1,R1,e142981b-3577-4115-584d-d9676df7fcff
W1,R1,f6745f8a-8107-443e-8946-3e6329d20408
W1,R1,fb56f051-a2cd-ac10-dcb0-e0738295fc1f
W1,R2,06476266-59b1-ded7-4138-3c7543fd4981
W1,R2,09c573e2-a45d-aa5e-6a17-3c682155e6e3
W1,R2,0b786670-17af-32e1-b2d2-f77c33874b30
W1,R2,0f3d04a2-f42e-1429-acef-0becd0a0fcea
W1,R2,2211f478-b7b4-7711-16cf-84ffb52b9d2b
W1,R2,239b0c86-371a-3080-fcd9-8379b296bc9a
W1,R2,31f368d9-3fdc-a15f-ccdc-fafa74a860e9
W1,R2,355a4d50-2628-aa65-c336-deacf4d606fb
W1,R2,3c0e60c4-176e-2c4c-3b85-b46be390cf5e
W1,R2,45f3a7b6-d706-f174-d043-16814aa127ed
W1,R2,4af53267-820e-7687-87a4-f6716ef64a2e
W1,R2,4be6b5fb-2a19-943a-9249-7068445be4cc
W1,R2,5693c080-f485-91e7-54b9-ad9a8c12af62
W1,R2,57efda89-b582-bb08-8a2d-e06b2c184bfc
W1,R2,6095681c-dfc1-8f20-411c-42cef37189fa
W1,R2,65cbad6a-eb9d-420e-9bab-b4f9c6aab7db
W1,R2,6a703775-432b-ba7d-d53a-c4d7bb0f5b58
W1,R2,6d04a400-ad21-5951-b092-c14b6358d4c5
W1,R2,7132442e-b0b9-a886-e28d-f83700e5a3bd
W1,R2,716c6d0a-2a5d-0aaa-9ced-312ed6a943da
W1,R2,72b1ca95-c4f0-269d-28bf-ba36b25a9aa6
W1,R2,765bd034-e8d7-f102-eb1c-4b7792fc5684
W1,R2,83093df7-a1e4-b827-72e6-c6d604fd7748
W1,R2,8704c44c-8b97-e35a-3bac-7d5b24de06b3
W1,R2,887e4b4e-a3e1-b573-4a16-38386d3e0b88
W1,R2,8b9df7af-24b3-66ee-afeb-2734ebcbd33c
W1,R2,96de62ae-1b00-58d8-77f9-cd25414e16be
W1,R2,9a3814bb-f5b0-05f3-928e-fe6640d5aa2a
W1,R2,9c26986a-d81d-62f0-ee7a-ab8bb6377434
W1,R2,a45aa142-d1e9-d944-f2c7-05015c90762d
W1,R2,a6d0791e-4c15-58e6-c30a-ec25e285ace9
W1,R2,adec1419-cf81-6640-abe6-cac7c0c1b9d4
W1,R2,ba47a33b-ffb6-25b9-e8bf-e7eabeaee1be
W1,R2,c823813e-2588-4814-6eb4-824974791862
W1,R2,cbd1dd48-89c3-3fdb-434e-3f0802738abf
W1,R2,ccaa0537-4e7f-99d8-8b79-c7c94c749579
W1,R2,d21f2794-014b-c66b-3688-888382ab7434
W1,R2,d21fc5fa-6dc5-8058-1d11-5fd631086b72
W1,R2,e142981b-3577-4115-584d-d9676df7fcff
W1,R2,f6745f8a-8107-443e-8946-3e6329d20408
W1,R2,fb56f051-a2cd-ac10-dcb0-e0738295fc1f
W2,R0,2211f478-b7b4-7711-16cf-84ffb52b9d2b
W2,R0,355a4d50-2628-aa65-c336-deacf4d606fb
W2,R0,5693c080-f485-91e7-54b9-ad9a8c12af62
W2,R0,57efda89-b582-bb08-8a2d-e06b2c184bfc
W2,R1,2211f478-b7b4-7711-16cf-84ffb52b9d2b
W2,R1,355a4d50-2628-aa65-c336-deacf4d606fb
W2,R1,5693c080-f485-91e7-54b9-ad9a8c12af62
W2,R1,57efda89-b582-bb08-8a2d-e06b2c184bfc
W2,R2,2211f478-b7b4-7711-16cf-84ffb52b9d2b
W2,R2,355a4d50-2628-aa65-c336-deacf4d606fb
W2,R2,5693c080-f485-91e7-54b9-ad9a8c12af62
W2,R2,57efda89-b582-bb08-8a2d-e06b2c184bfc
W3,R0,00bcbfc6-c7b9-bd0e-3d95-071f9fba6321
W3,R0,029c95e2-d252-d8d3-3626-7f347182d6d7
W3,R0,031ce8e2-1443-01b4-de6b-61a4084a7166
W3,R0,06476266-59b1-ded7-4138-3c7543fd4981
W3,R0,09c573e2-a45d-aa5e-6a17-3c682155e6e3
W3,R0,0b786670-17af-32e1-b2d2-f77c33874b30
W3,R0,0f3d04a2-f42e-1429-acef-0becd0a0fcea
W3,R0,1426480f-ccc7-2393-40bd-f92ccf2b74b2
W3,R0,197ec76f-0730-2587-9ff9-a0f60104a782
W3,R0,1be83f06-48ef-7bac-7097-b9e0644aeaf8
W3,R0,1d63466e-0cfd-eb12-77aa-d153393355e5
W3,R0,1dabc422-e007-d5ee-791f-9e08a8fd9b6a
W3,R0,1e32a1a3-3638-cb8c-7253-ff98a97dc0fe
W3,R0,2211f478-b7b4-7711-16cf-84ffb52b9d2b
W3,R0,239b0c86-371a-3080-fcd9-8379b296bc9a
W3,R0,23da8e71-dfb9-9773-1bc1-7b5e31d085b5
W3,R0,2e9a9dab-f5b6-8960-d3ce-7834bb5e7344
W3,R0,2fb99851-6f31-04a6-be96-6fef4663e208
W3,R0,30889246-5f7d-9305-542f-55cb89e1f4de
W3,R0,30ed72f3-240e-4973-a0b8-25369e1a9c1e
W3,R0,31f368d9-3fdc-a15f-ccdc-fafa74a860e9
W3,R0,3368f8e7-5e00-7794-1e39-f65cb954d43d
W3,R0,355a4d50-2628-aa65-c336-deacf4d606fb
W3,R0,355cd402-8f45-353f-013f-ecb627e85106
W3,R0,35f80d0e-eaad-ef68-b762-3a1c12a872c1
W3,R0,3732fde5-efc6-d57a-517b-0500f2177181
W3,R0,37549f60-b5a3-69cd-dea6-5a71c4bc23cf
W3,R0,3935e8a9-9b9f-fd00-fe22-bcb810d0330b
W3,R0,3c0e60c4-176e-2c4c-3b85-b46be390cf5e
W3,R0,3eec36b2-71cc-13c4-489a-495c45318bc3
W3,R0,3fa46c70-b194-f14c-3d51-e06cfa4bb9e2
W3,R0,45f3a7b6-d706-f174-d043-16814aa127ed
W3,R0,46fcc34a-97a1-f038-9bb1-4ae87116ae61
W3,R0,4af53267-820e-7687-87a4-f6716ef64a2e
W3,R0,4be6b5fb-2a19-943a-9249-7068445be4cc
W3,R0,4e71643c-f046-a74f-c2e2-4049efe17cd4
W3,R0,5693c080-f485-91e7-54b9-ad9a8c12af62
W3,R0,573cbfa8-8fca-a716-bcea-2ab35f906251
W3,R0,57efda89-b582-bb08-8a2d-e06b2c184bfc
W3,R0,5dae1e9e-46fb-5537-54f4-8837a56dd3d5
W3,R0,6095681c-dfc1-8f20-411c-42cef37189fa
W3,R0,65cbad6a-eb9d-420e-9bab-b4f9c6aab7db
W3,R0,6a703775-432b-ba7d-d53a-c4d7bb0f5b58
W3,R0,6b687f11-0721-ccaf-8796-5e929f37b755
W3,R0,6d04a400-ad21-5951-b092-c14b6358d4c5
W3,R0,7132442e-b0b9-a886-e28d-f83700e5a3bd
W3,R0,716c6d0a-2a5d-0aaa-9ced-312ed6a943da
W3,R0,72b1ca95-c4f0-269d-28bf-ba36b25a9aa6
W3,R0,765bd034-e8d7-f102-eb1c-4b7792fc5684
W3,R0,7af6b271-f16d-21e1-882a-7bff71005a7b
W3,R0,82623afe-e51c-e02e-1dd7-15a4394d0e92
W3,R0,83093df7-a1e4-b827-72e6-c6d604fd7748
W3,R0,8704c44c-8b97-e35a-3bac-7d5b24de06b3
W3,R0,87f7ad7b-85f9-d26d-5a41-9933f4039331
W3,R0,887e4b4e-a3e1-b573-4a16-38386d3e0b88
W3,R0,8b9df7af-24b3-66ee-afeb-2734ebcbd33c
W3,R0,8d91c36a-1f7e-3842-9f14-8d567ed9cdcd
W3,R0,8ece28c6-f931-b0e0-5c0e-72b8d8d3c86a
W3,R0,9389eec9-a5c3-a9e1-b675-93cd1f199532
W3,R0,96de62ae-1b00-58d8-77f9-cd25414e16be
W3,R0,97e39468-6488-ca8f-fac2-235a80b4dcf7
W3,R0,9a3814bb-f5b0-05f3-928e-fe6640d5aa2a
W3,R0,9c26986a-d81d-62f0-ee7a-ab8bb6377434
W3,R0,9c5b16dc-8a47-896c-4d74-f96f8c98891b
W3,R0,a45aa142-d1e9-d944-f2c7-05015c90762d
W3,R0,a6d0791e-4c15-58e6-c30a-ec25e285ace9
W3,R0,ad48e669-959c-b6f8-8ddb-dda7a6d37473
W3,R0,adec1419-cf81-6640-abe6-cac7c0c1b9d4
W3,R0,afb99eee-0bd5-8853-8a32-fad74da7b103
W3,R0,b50c66af-4d1c-7987-03d7-e5b65fdf880f
W3,R0,ba47a33b-ffb6-25b9-e8bf-e7eabeaee1be
W3,R0,babc4b97-d859-0fe4-2874-fb6fe493ae6b
W3,R0,bca1691f-8839-1d66-ed01-471134d55738
W3,R0,c1453af6-5763-f853-7da2-a16adee55469
W3,R0,c823813e-2588-4814-6eb4-824974791862
W3,R0,ca443842-f546-d34c-a69b-b044cfe007d9
W3,R0,cbd1dd48-89c3-3fdb-434e-3f0802738abf
W3,R0,cc3eac4a-34a7-9a15-1522-8087135631b7
W3,R0,ccaa0537-4e7f-99d8-8b79-c7c94c749579
W3,R0,d21f2794-014b-c66b-3688-888382ab7434
W3,R0,d21fc5fa-6dc5-8058-1d11-5fd631086b72
W3,R0,d309f605-948b-962f-ca72-878ce8b8d154
W3,R0,d537941e-1fb7-9868-939a-a26252da8be1
W3,R0,e142981b-3577-4115-584d-d9676df7fcff
W3,R0,e170fdcd-8830-89c4-94b2-aaf7f35ca9c5
W3,R0,e34a6a5e-1d77-508d-8be3-8816e9df8046
W3,R0,e7c068bb-6d29-27d3-0b8b-ec0406cc91b7
W3,R0,edb5a2e3-a981-d33c-5eac-1ca8adde82d3
W3,R0,f30304ab-8e45-1cbd-9833-cadf568373b4
W3,R0,f5749532-3295-ad01-d9b5-932c997e7a01
W3,R0,f6359fe4-4340-2820-8b76-593a45f5186c
W3,R0,f6745f8a-8107-443e-8946-3e6329d20408
W3,R0,f870c432-0887-125e-f778-cf5110d3de1d
W3,R0,fb56f051-a2cd-ac10-dcb0-e0738295fc1f
W3,R0,fd0d7b3a-307d-07b8-9d7e-2424e1feb9e4
W3,R1,00bcbfc6-c7b9-bd0e-3d95-071f9fba6321
W3,R1,029c95e2-d252-d8d3-3626-7f347182d6d7
W3,R1,031ce8e2-1443-01b4-de6b-61a4084a7166
W3,R1,06476266-59b1-ded7-4138-3c7543fd4981
W3,R1,09c573e2-a45d-aa5e-6a17-3c682155e6e3
W3,R1,0b786670-17af-32e1-b2d2-f77c33874b30
W3,R1,0f3d04a2-f42e-1429-acef-0becd0a0fcea
W3,R1,1426480f-ccc7-2393-40bd-f92ccf2b74b2
W3,R1,197ec76f-0730-2587-9ff9-a0f60104a782
W3,R1,1be83f06-48ef-7bac-7097-b9e0644aeaf8
W3,R1,1d63466e-0cfd-eb12-77aa-d153393355e5
W3,R1,1dabc422-e007-d5ee-791f-9e08a8fd9b6a
W3,R1,1e32a1a3-3638-cb8c-7253-ff98a97dc0fe
W3,R1,2211f478-b7b4-7711-16cf-84ffb52b9d2b
W3,R1,239b0c86-371a-3080-fcd9-8379b296bc9a
W3,R1,23da8e71-dfb9-9773-1bc1-7b5e31d085b5
W3,R1,2e9a9dab-f5b6-8960-d3ce-7834bb5e7344
W3,R1,2fb99851-6f31-04a6-be96-6fef4663e208
W3,R1,30889246-5f7d-9305-542f-55cb89e1f4de
W3,R1,30ed72f3-240e-4973-a0b8-25369e1a9c1e
W3,R1,31f368d9-3fdc-a15f-ccdc-fafa74a860e9
W3,R1,3368f8e7-5e00-7794-1e39-f65cb954d43d
W3,R1,355a4d50-2628-aa65-c336-deacf4d606fb
W3,R1,355cd402-8f45-353f-013f-ecb627e85106
W3,R1,35f80d0e-eaad-ef68-b762-3a1c12a872c1
W3,R1,3732fde5-efc6-d57a-517b-0500f2177181
W3,R1,37549f60-b5a3-69cd-dea6-5a71c4bc23cf
W3,R1,3935e8a9-9b9f-fd00-fe22-bcb810d0330b
W3,R1,3c0e60c4-176e-2c4c-3b85-b46be390cf5e
W3,R1,3eec36b2-71cc-13c4-489a-495c45318bc3
W3,R1,3fa46c70-b194-f14c-3d51-e06cfa4bb9e2
W3,R1,45f3a7b6-d706-f174-d043-16814aa127ed
W3,R1,46fcc34a-97a1-f038-9bb1-4ae87116ae61
W3,R1,4af53267-820e-7687-87a4-f6716ef64a2e
W3,R1,4be6b5fb-2a19-943a-9249-7068445be4cc
W3,R1,4e71643c-f046-a74f-c2e2-4049efe17cd4
W3,R1,5693c080-f485-91e7-54b9-ad9a8c12af62
W3,R1,573cbfa8-8fca-a716-bcea-2ab35f906251
W3,R1,57efda89-b582-bb08-8a2d-e06b2c184bfc
W3,R1,5dae1e9e-46fb-5537-54f4-8837a56dd3d5
W3,R1,6095681c-dfc1-8f20-411c-42cef37189fa
W3,R1,65cbad6a-eb9d-420e-9bab-b4f9c6aab7db
W3,R1,6a703775-432b-ba7d-d53a-c4d7bb0f5b58
W3,R1,6b687f11-0721-ccaf-8796-5e929f37b755
W3,R1,6d04a400-ad21-5951-b092-c14b6358d4c5
W3,R1,7132442e-b0b9-a886-e28d-f83700e5a3bd
W3,R1,716c6d0a-2a5d-0aaa-9ced-312ed6a943da
W3,R1,72b1ca95-c4f0-269d-28bf-ba36b25a9aa6
W3,R1,765bd034-e8d7-f102-eb1c-4b7792fc5684
W3,R1,7af6b271-f16d-21e1-882a-7bff71005a7b
W3,R1,82623afe-e51c-e02e-1dd7-15a4394d0e92
W3,R1,83093df7-a1e4-b827-72e6-c6d604fd7748
W3,R1,8704c44c-8b97-e35a-3bac-7d5b24de06b3
W3,R1,87f7ad7b-85f9-d26d-5a41-9933f4039331
W3,R1,887e4b4e-a3e1-b573-4a16-38386d3e0b88
W3,R1,8b9df7af-24b3-66ee-afeb-2734ebcbd33c
W3,R1,8d91c36a-1f7e-3842-9f14-8d567ed9cdcd
W3,R1,8ece28c6-f931-b0e0-5c0e-72b8d8d3c86a
W3,R1,9389eec9-a5c3-a9e1-b675-93cd1f199532
W3,R1,96de62ae-1b00-58d8-77f9-cd25414e16be
W3,R1,97e39468-6488-ca8f-fac2-235a80b4dcf7
W3,R1,9a3814bb-f5b0-05f3-928e-fe6640d5aa2a
W3,R1,9c26986a-d81d-62f0-ee7a-ab8bb6377434
W3,R1,9c5b16dc-8a47-896c-4d74-f96f8c98891b
W3,R1,a45aa142-d1e9-d944-f2c7-05015c90762d
W3,R1,a6d0791e-4c15-58e6-c30a-ec25e285ace9
W3,R1,ad48e669-959c-b6f8-8ddb-dda7a6d37473
W3,R1,adec1419-cf81-6640-abe6-cac7c0c1b9d4
W3,R1,afb99eee-0bd5-8853-8a32-fad74da7b103
W3,R1,b50c66af-4d1c-7987-03d7-e5b65fdf880f
W3,R1,ba47a33b-ffb6-25b9-e8bf-e7eabeaee1be
W3,R1,babc4b97-d859-0fe4-2874-fb6fe493ae6b
W3,R1,bca1691f-8839-1d66-ed01-471134d55738
W3,R1,c1453af6-5763-f853-7da2-a16adee55469
W3,R1,c823813e-2588-4814-6eb4-824974791862
W3,R1,ca443842-f546-d34c-a69b-b044cfe007d9
W3,R1,cbd1dd48-89c3-3fdb-434e-3f0802738abf
W3,R1,cc3eac4a-34a7-9a15-1522-8087135631b7
W3,R1,ccaa0537-4e7f-99d8-8b79-c7c94c749579
W3,R1,d21f2794-014b-c66b-3688-888382ab7434
W3,R1,d21fc5fa-6dc5-8058-1d11-5fd631086b72
W3,R1,d309f605-948b-962f-ca72-878ce8b8d154
W3,R1,d537941e-1fb7-9868-939a-a26252da8be1
W3,R1,e142981b-3577-4115-584d-d9676df7fcff
W3,R1,e170fdcd-8830-89c4-94b2-aaf7f35ca9c5
W3,R1,e34a6a5e-1d77-508d-8be3-8816e9df8046
W3,R1,e7c068bb-6d29-27d3-0b8b-ec0406cc91b7
W3,R1,edb5a2e3-a981-d33c-5eac-1ca8adde82d3
W3,R1,f30304ab-8e45-1cbd-9833-cadf568373b4
W3,R1,f5749532-3295-ad01-d9b5-932c997e7a01
W3,R1,f6359fe4-4340-2820-8b76-593a45f5186c
W3,R1,f6745f8a-8107-443e-8946-3e6329d20408
W3,R1,f870c432-0887-125e-f778-cf5110d3de1d
W3,R1,fb56f051-a2cd-ac10-dcb0-e0738295fc1f
W3,R1,fd0d7b3a-307d-07b8-9d7e-2424e1feb9e4
W3,R2,00bcbfc6-c7b9-bd0e-3d95-071f9fba6321
W3,R2,029c95e2-d252-d8d3-3626-7f347182d6d7
W3,R2,031ce8e2-1443-01b4-de6b-61a4084a7166
W3,R2,06476266-59b1-ded7-4138-3c7543fd4981
W3,R2,09c573e2-a45d-aa5e-6a17-3c682155e6e3
W3,R2,0b786670-17af-32e1-b2d2-f77c33874b30
W3,R2,0f3d04a2-f42e-1429-acef-0becd0a0fcea
W3,R2,1426480f-ccc7-2393-40bd-f92ccf2b74b2
W3,R2,197ec76f-0730-2587-9ff9-a0f60104a782
W3,R2,1be83f06-48ef-7bac-7097-b9e0644aeaf8
W3,R2,1d63466e-0cfd-eb12-77aa-d153393355e5
W3,R2,1dabc422-e007-d5ee-791f-9e08a8fd9b6a
W3,R2,1e32a1a3-3638-cb8c-7253-ff98a97dc0fe
W3,R2,2211f478-b7b4-7711-16cf-84ffb52b9d2b
W3,R2,239b0c86-371a-3080-fcd9-8379b296bc9a
W3,R2,23da8e71-dfb9-9773-1bc1-7b5e31d085b5
W3,R2,2e9a9dab-f5b6-8960-d3ce-7834bb5e7344
W3,R2,2fb99851-6f31-04a6-be96-6fef4663e208
W3,R2,30889246-5f7d-9305-542f-55cb89e1f4de
W3,R2,30ed72f3-240e-4973-a0b8-25369e1a9c1e
W3,R2,31f368d9-3fdc-a15f-ccdc-fafa74a860e9
W3,R2,3368f8e7-5e00-7794-1e39-f65cb954d43d
W3,R2,355a4d50-2628-aa65-c336-deacf4d606fb
W3,R2,355cd402-8f45-353f-013f-ecb627e85106
W3,R2,35f80d0e-eaad-ef68-b762-3a1c12a872c1
W3,R2,3732fde5-efc6-d57a-517b-0500f2177181
W3,R2,37549f60-b5a3-69cd-dea6-5a71c4bc23cf
W3,R2,3935e8a9-9b9f-fd00-fe22-bcb810d0330b
W3,R2,3c0e60c4-176e-2c4c-3b85-b46be390cf5e
W3,R2,3eec36b2-71cc-13c4-489a-495c45318bc3
W3,R2,3fa46c70-b194-f14c-3d51-e06cfa4bb9e2
W3,R2,45f3a7b6-d706-f174-d043-16814aa127ed
W3,R2,46fcc34a-97a1-f038-9bb1-4ae87116ae61
W3,R2,4af53267-820e-7687-87a4-f6716ef64a2e
W3,R2,4be6b5fb-2a19-943a-9249-7068445be4cc
W3,R2,4e71643c-f046-a74f-c2e2-4049efe17cd4
W3,R2,5693c080-f485-91e7-54b9-ad9a8c12af62
W3,R2,573cbfa8-8fca-a716-bcea-2ab35f906251
W3,R2,57efda89-b582-bb08-8a2d-e06b2c184bfc
W3,R2,5dae1e9e-46fb-5537-54f4-8837a56dd3d5
W3,R2,6095681c-dfc1-8f20-411c-42cef37189fa
W3,R2,65cbad6a-eb9d-420e-9bab-b4f9c6aab7db
W3,R2,6a703775-432b-ba7d-d53a-c4d7bb0f5b58
W3,R2,6b687f11-0721-ccaf-8796-5e929f37b755
W3,R2,6d04a400-ad21-5951-b092-c14b6358d4c5
W3,R2,7132442e-b0b9-a886-e28d-f83700e5a3bd
W3,R2,716c6d0a-2a5d-0aaa-9ced-312ed6a943da
W3,R2,72b1ca95-c4f0-269d-28bf-ba36b25a9aa6
W3,R2,765bd034-e8d7-f102-eb1c-4b7792fc5684
W3,R2,7af6b271-f16d-21e1-882a-7bff71005a7b
W3,R2,82623afe-e51c-e02e-1dd7-15a4394d0e92
W3,R2,83093df7-a1e4-b827-72e6-c6d604fd7748
W3,R2,8704c44c-8b97-e35a-3bac-7d5b24de06b3
W3,R2,87f7ad7b-85f9-d26d-5a41-9933f4039331
W3,R2,887e4b4e-a3e1-b573-4a16-38386d3e0b88
W3,R2,8b9df7af-24b3-66ee-afeb-2734ebcbd33c
W3,R2,8d91c36a-1f7e-3842-9f14-8d567ed9cdcd
W3,R2,8ece28c6-f931-b0e0-5c0e-72b8d8d3c86a
W3,R2,9389eec9-a5c3-a9e1-b675-93cd1f199532
W3,R2,96de62ae-1b00-58d8-77f9-cd25414e16be
W3,R2,97e39468-6488-ca8f-fac2-235a80b4dcf7
W3,R2,9a3814bb-f5b0-05f3-928e-fe6640d5aa2a
W3,R2,9c26986a-d81d-62f0-ee7a-ab8bb6377434
W3,R2,9c5b16dc-8a47-896c-4d74-f96f8c98891b
W3,R2,a45aa142-d1e9-d944-f2c7-05015c90762d
W3,R2,a6d0791e-4c15-58e6-c30a-ec25e285ace9
W3,R2,ad48e669-959c-b6f8-8ddb-dda7a6d37473
W3,R2,adec1419-cf81-6640-abe6-cac7c0c1b9d4
W3,R2,afb99eee-0bd5-8853-8a32-fad74da7b103
W3,R2,b50c66af-4d1c-7987-03d7-e5b65fdf880f
W3,R2,ba47a33b-ffb6-25b9-e8bf-e7eabeaee1be
W3,R2,babc4b97-d859-0fe4-2874-fb6fe493ae6b
W3,R2,bca1691f-8839-1d66-ed01-471134d55738
W3,R2,c1453af6-5763-f853-7da2-a16adee55469
W3,R2,c823813e-2588-4814-6eb4-824974791862
W3,R2,ca443842-f546-d34c-a69b-b044cfe007d9
W3,R2,cbd1dd48-89c3-3fdb-434e-3f0802738abf
W3,R2,cc3eac4a-34a7-9a15-1522-8087135631b7
W3,R2,ccaa0537-4e7f-99d8-8b79-c7c94c749579
W3,R2,d21f2794-014b-c66b-3688-888382ab7434
W3,R2,d21fc5fa-6dc5-8058-1d11-5fd631086b72
W3,R2,d309f605-948b-962f-ca72-878ce8b8d154
W3,R2,d537941e-1fb7-9868-939a-a26252da8be1
W3,R2,e142981b-3577-4115-584d-d9676df7fcff
W3,R2,e170fdcd-8830-89c4-94b2-aaf7f35ca9c5
W3,R2,e34a6a5e-1d77-508d-8be3-8816e9df8046
W3,R2,e7c068bb-6d29-27d3-0b8b-ec0406cc91b7
W3,R2,edb5a2e3-a981-d33c-5eac-1ca8adde82d3
W3,R2,f30304ab-8e45-1cbd-9833-cadf568373b4
W3,R2,f5749532-3295-ad01-d9b5-932c997e7a01
W3,R2,f6359fe4-4340-2820-8b76-593a45f5186c
W3,R2,f6745f8a-8107-443e-8946-3e6329d20408
W3,R2,f870c432-0887-125e-f778-cf5110d3de1d
W3,R2,fb56f051-a2cd-ac10-dcb0-e0738295fc1f
W3,R2,fd0d7b3a-307d-07b8-9d7e-2424e1feb9e4
W4,R0,029c95e2-d252-d8d3-90b3-d47037aa2a78
W4,R0,029c95e2-d252-d8d3-f49b-88d537384629
W4,R0,031ce8e2-1443-01b4-92dd-c201cdcd03a4
W4,R0,031ce8e2-1443-01b4-c36b-4d356303c85d
W4,R0,031ce8e2-1443-01b4-ce72-c5b9d3b1b29c
W4,R0,06476266-59b1-ded7-bd44-58709f74bf0d
W4,R0,0b786670-17af-32e1-4e21-00eceeb1f1af
W4,R0,0f3d04a2-f42e-1429-31ab-a453909d4cea
W4,R0,0f3d04a2-f42e-1429-bf22-2bd602b590f9
W4,R0,0f3d04a2-f42e-1429-f667-f1ff9d6d420b
W4,R0,1426480f-ccc7-2393-e0a0-a3c4f3ca7908
W4,R0,1d63466e-0cfd-eb12-b07a-cf6b2db83995
W4,R0,1dabc422-e007-d5ee-9e07-de5e66483682
W4,R0,2211f478-b7b4-7711-bb60-19cff13017d7
W4,R0,239b0c86-371a-3080-2525-2dd1449b5d98
W4,R0,23da8e71-dfb9-9773-501c-34eec351f652
W4,R0,2fb99851-6f31-04a6-c0b0-4fb0f129519a
W4,R0,30889246-5f7d-9305-7e77-76f2c3ab3ab0
W4,R0,31f368d9-3fdc-a15f-1475-9c5da16d15c1
W4,R0,31f368d9-3fdc-a15f-38ae-f0dc470dbf22
W4,R0,31f368d9-3fdc-a15f-44c5-9961ae123e68
W4,R0,31f368d9-3fdc-a15f-ae61-c5804d47dad5
W4,R0,355a4d50-2628-aa65-d093-994cb4394b77
W4,R0,3732fde5-efc6-d57a-244c-7303d2836565
W4,R0,3732fde5-efc6-d57a-fd09-bf267684e413
W4,R0,3935e8a9-9b9f-fd00-af08-066ece111ae6
W4,R0,3935e8a9-9b9f-fd00-b20d-6a67d0f3d199
W4,R0,3935e8a9-9b9f-fd00-b318-0d90d352be50
W4,R0,3c0e60c4-176e-2c4c-ecce-35e921cb2d2c
W4,R0,5693c080-f485-91e7-df4a-bdb8522d08d3
W4,R0,65cbad6a-eb9d-420e-c6da-5cfe2ca83535
W4,R0,6b687f11-0721-ccaf-70df-6a720571c711
W4,R0,716c6d0a-2a5d-0aaa-b305-d6399271a23d
W4,R0,7af6b271-f16d-21e1-4598-2eb81658674f
W4,R0,7af6b271-f16d-21e1-77e8-d6fc78fd025a
W4,R0,87f7ad7b-85f9-d26d-2bc9-54896a9dc2e4
W4,R0,8d91c36a-1f7e-3842-3c8b-9f8a2437d1e9
W4,R0,8d91c36a-1f7e-3842-6df3-3edb7c6a9575
W4,R0,8d91c36a-1f7e-3842-7f3d-db5ca00f4d98
W4,R0,8d91c36a-1f7e-3842-d307-5261e3640dcd
W4,R0,9c5b16dc-8a47-896c-15ea-3f405d645b94
W4,R0,9c5b16dc-8a47-896c-7ac4-860e07d50aeb
W4,R0,adec1419-cf81-6640-5b13-5c5dc26d52fe
W4,R0,bca1691f-8839-1d66-ba0f-beb476038a1f
W4,R0,c823813e-2588-4814-88cb-7024843fe0be
W4,R0,cbd1dd48-89c3-3fdb-f538-21ffa1cf7758
W4,R0,d309f605-948b-962f-2dc2-599abbf403bf
W4,R0,e142981b-3577-4115-63ee-3f4fdc0f618b
W4,R0,edb5a2e3-a981-d33c-5e74-aca863634115
W4,R0,edb5a2e3-a981-d33c-7746-387f8572c0d7
W4,R0,fb56f051-a2cd-ac10-343f-ae86b54ad0c8
W4,R0,fb56f051-a2cd-ac10-76ef-13959deae12a
W4,R1,029c95e2-d252-d8d3-90b3-d47037aa2a78
W4,R1,029c95e2-d252-d8d3-f49b-88d537384629
W4,R1,031ce8e2-1443-01b4-92dd-c201cdcd03a4
W4,R1,031ce8e2-1443-01b4-c36b-4d356303c85d
W4,R1,031ce8e2-1443-01b4-ce72-c5b9d3b1b29c
W4,R1,06476266-59b1-ded7-bd44-58709f74bf0d
W4,R1,0b786670-17af-32e1-4e21-00eceeb1f1af
W4,R1,0f3d04a2-f42e-1429-31ab-a453909d4cea
W4,R1,0f3d04a2-f42e-1429-bf22-2bd602b590f9
W4,R1,0f3d04a2-f42e-1429-f667-f1ff9d6d420b
W4,R1,1426480f-ccc7-2393-e0a0-a3c4f3ca7908
W4,R1,1d63466e-0cfd-eb12-b07a-cf6b2db83995
W4,R1,1dabc422-e007-d5ee-9e07-de5e66483682
W4,R1,2211f478-b7b4-7711-bb60-19cff13017d7
W4,R1,239b0c86-371a-3080-2525-2dd1449b5d98
W4,R1,23da8e71-dfb9-9773-501c-34eec351f652
W4,R1,2fb99851-6f31-04a6-c0b0-4fb0f129519a
W4,R1,30889246-5f7d-9305-7e77-76f2c3ab3ab0
W4,R1,31f368d9-3fdc-a15f-1475-9c5da16d15c1
W4,R1,31f368d9-3fdc-a15f-38ae-f0dc470dbf22
W4,R1,31f368d9-3fdc-a15f-44c5-9961ae123e68
W4,R1,31f368d9-3fdc-a15f-ae61-c5804d47dad5
W4,R1,355a4d50-2628-aa65-d093-994cb4394b77
W4,R1,3732fde5-efc6-d57a-244c-7303d2836565
W4,R1,3732fde5-efc6-d57a-fd09-bf267684e413
W4,R1,3935e8a9-9b9f-fd00-af08-066ece111ae6
W4,R1,3935e8a9-9b9f-fd00-b20d-6a67d0f3d199
W4,R1,3935e8a9-9b9f-fd00-b318-0d90d352be50
W4,R1,3c0e60c4-176e-2c4c-ecce-35e921cb2d2c
W4,R1,5693c080-f485-91e7-df4a-bdb8522d08d3
W4,R1,65cbad6a-eb9d-420e-c6da-5cfe2ca83535
W4,R1,6b687f11-0721-ccaf-70df-6a720571c711
W4,R1,716c6d0a-2a5d-0aaa-b305-d6399271a23d
W4,R1,7af6b271-f16d-21e1-4598-2eb81658674f
W4,R1,7af6b271-f16d-21e1-77e8-d6fc78fd025a
W4,R1,87f7ad7b-85f9-d26d-2bc9-54896a9dc2e4
W4,R1,8d91c36a-1f7e-3842-3c8b-9f8a2437d1e9
W4,R1,8d91c36a-1f7e-3842-6df3-3edb7c6a9575
W4,R1,8d91c36a-1f7e-3842-7f3d-db5ca00f4d98
W4,R1,8d91c36a-1f7e-3842-d307-5261e3640dcd
W4,R1,9c5b16dc-8a47-896c-15ea-3f405d645b94
W4,R1,9c5b16dc-8a47-896c-7ac4-860e07d50aeb
W4,R1,adec1419-cf81-6640-5b13-5c5dc26d52fe
W4,R1,bca1691f-8839-1d66-ba0f-beb476038a1f
W4,R1,c823813e-2588-4814-88cb-7024843fe0be
W4,R1,cbd1dd48-89c3-3fdb-f538-21ffa1cf7758
W4,R1,d309f605-948b-962f-2dc2-599abbf403bf
W4,R1,e142981b-3577-4115-63ee-3f4fdc0f618b
W4,R1,edb5a2e3-a981-d33c-5e74-aca863634115
W4,R1,edb5a2e3-a981-d33c-7746-387f8572c0d7
W4,R1,fb56f051-a2cd-ac10-343f-ae86b54ad0c8
W4,R1,fb56f051-a2cd-ac10-76ef-13959deae12a
