dimension,representation,count,pct_of_r0
resource_identities,R0,59447,100.0
resource_identities,R1,59447,100.0
resource_identities,R2,59447,100.0
clinical_codes,R0,163729,100.0
clinical_codes,R1,163729,100.0
clinical_codes,R2,156252,95.43
coding_systems,R0,7,100.0
coding_systems,R1,7,100.0
coding_systems,R2,5,71.43
coded_displays_text,R0,327061,100.0
coded_displays_text,R1,327061,100.0
coded_displays_text,R2,0,0.0
relationships,R0,115774,100.0
relationships,R1,115774,100.0
relationships,R2,115774,100.0
temporal_values_by_semantic_type,R0,117582,100.0
temporal_values_by_semantic_type,R1,117582,100.0
temporal_values_by_semantic_type,R2,59447,50.56
observation_values,R0,44038,100.0
observation_values,R1,44038,100.0
observation_values,R2,44038,100.0
observation_units,R0,40615,100.0
observation_units,R1,40615,100.0
observation_units,R2,40615,100.0
observation_components,R0,21778,100.0
observation_components,R1,21778,100.0
observation_components,R2,21778,100.0
