patient_id,birth_date,deceased_datetime
37549f60-b5a3-69cd-dea6-5a71c4bc23cf,1981-05-25,
6095681c-dfc1-8f20-411c-42cef37189fa,2000-09-17,
573cbfa8-8fca-a716-bcea-2ab35f906251,2002-08-16,
0b786670-17af-32e1-b2d2-f77c33874b30,1964-06-23,2023-08-22T15:37:22+00:00
cbd1dd48-89c3-3fdb-434e-3f0802738abf,1989-04-11,
f6359fe4-4340-2820-8b76-593a45f5186c,2006-10-30,
06476266-59b1-ded7-4138-3c7543fd4981,1979-11-06,
6a703775-432b-ba7d-d53a-c4d7bb0f5b58,1995-01-23,
5780b82b-0419-ffe6-fde4-a2fcce9695f5,2019-10-03,
8ece28c6-f931-b0e0-5c0e-72b8d8d3c86a,1942-04-04,
ad48e669-959c-b6f8-8ddb-dda7a6d37473,2001-11-10,
9c26986a-d81d-62f0-ee7a-ab8bb6377434,1998-02-11,
887e4b4e-a3e1-b573-4a16-38386d3e0b88,2004-12-28,
3935e8a9-9b9f-fd00-fe22-bcb810d0330b,1968-09-24,
3c0e60c4-176e-2c4c-3b85-b46be390cf5e,1964-11-05,
7af6b271-f16d-21e1-882a-7bff71005a7b,1960-11-08,
8d91c36a-1f7e-3842-9f14-8d567ed9cdcd,1980-10-04,2015-09-24T19:56:57+00:00
23da8e71-dfb9-9773-1bc1-7b5e31d085b5,1963-03-16,
3099d813-4f5c-fc43-31d8-7bba5dc84bed,2020-08-14,
9c5b16dc-8a47-896c-4d74-f96f8c98891b,1980-01-13,
35f80d0e-eaad-ef68-b762-3a1c12a872c1,1980-01-13,
239b0c86-371a-3080-fcd9-8379b296bc9a,1995-05-13,
72b1ca95-c4f0-269d-28bf-ba36b25a9aa6,1995-01-30,
a406f356-c8b4-54ad-e79c-54a5e15ffc19,1991-12-06,
6b687f11-0721-ccaf-8796-5e929f37b755,1980-10-04,1998-10-08T10:46:29+00:00
83093df7-a1e4-b827-72e6-c6d604fd7748,2009-12-14,
7132442e-b0b9-a886-e28d-f83700e5a3bd,1988-12-25,
031ce8e2-1443-01b4-de6b-61a4084a7166,1981-01-08,2018-09-23T21:47:05+00:00
45f3a7b6-d706-f174-d043-16814aa127ed,2019-02-24,
e170fdcd-8830-89c4-94b2-aaf7f35ca9c5,1990-12-17,
029c95e2-d252-d8d3-3626-7f347182d6d7,1972-11-01,
bca1691f-8839-1d66-ed01-471134d55738,1944-10-11,
a6d0791e-4c15-58e6-c30a-ec25e285ace9,2024-01-02,
765bd034-e8d7-f102-eb1c-4b7792fc5684,2017-03-25,
3732fde5-efc6-d57a-517b-0500f2177181,1960-03-25,
1be83f06-48ef-7bac-7097-b9e0644aeaf8,1979-11-06,2026-05-03T13:57:29+00:00
4e71643c-f046-a74f-c2e2-4049efe17cd4,2008-11-28,
30889246-5f7d-9305-542f-55cb89e1f4de,1960-03-25,1961-08-23T10:39:49+00:00
edb5a2e3-a981-d33c-5eac-1ca8adde82d3,2006-10-01,
f870c432-0887-125e-f778-cf5110d3de1d,1969-08-20,
f30304ab-8e45-1cbd-9833-cadf568373b4,2015-02-06,
355a4d50-2628-aa65-c336-deacf4d606fb,1956-10-18,
97e39468-6488-ca8f-fac2-235a80b4dcf7,1984-12-14,
9a3814bb-f5b0-05f3-928e-fe6640d5aa2a,2015-07-19,
c38b96b6-90ae-fabe-6f3c-cfd91d0fb21d,2017-11-05,
2211f478-b7b4-7711-16cf-84ffb52b9d2b,1984-10-08,2016-06-03T17:41:28+00:00
3a9c6df2-621a-6239-0760-e58544d252f6,2023-04-26,
30ed72f3-240e-4973-a0b8-25369e1a9c1e,2018-03-10,
ca443842-f546-d34c-a69b-b044cfe007d9,1985-11-30,
b50c66af-4d1c-7987-03d7-e5b65fdf880f,1981-07-29,
65cbad6a-eb9d-420e-9bab-b4f9c6aab7db,1948-06-15,
cc3eac4a-34a7-9a15-1522-8087135631b7,1978-01-16,
1dabc422-e007-d5ee-791f-9e08a8fd9b6a,2018-05-07,
d537941e-1fb7-9868-939a-a26252da8be1,1990-07-22,
8b9df7af-24b3-66ee-afeb-2734ebcbd33c,2001-02-11,
00bcbfc6-c7b9-bd0e-3d95-071f9fba6321,1981-01-20,
1e32a1a3-3638-cb8c-7253-ff98a97dc0fe,2012-08-12,
5dae1e9e-46fb-5537-54f4-8837a56dd3d5,1994-05-08,
82623afe-e51c-e02e-1dd7-15a4394d0e92,1999-11-07,
355cd402-8f45-353f-013f-ecb627e85106,1986-06-15,
e142981b-3577-4115-584d-d9676df7fcff,1980-10-04,
fd0d7b3a-307d-07b8-9d7e-2424e1feb9e4,1964-06-23,
4be6b5fb-2a19-943a-9249-7068445be4cc,1971-02-16,
716c6d0a-2a5d-0aaa-9ced-312ed6a943da,1964-06-23,2015-02-10T02:29:08+00:00
0f3d04a2-f42e-1429-acef-0becd0a0fcea,1930-11-06,
f67eaca3-2366-7ee2-6887-a5bd449b54a6,1990-02-18,
d21fc5fa-6dc5-8058-1d11-5fd631086b72,2006-07-02,
3eec36b2-71cc-13c4-489a-495c45318bc3,1994-12-29,
e34a6a5e-1d77-508d-8be3-8816e9df8046,2004-07-02,
31f368d9-3fdc-a15f-ccdc-fafa74a860e9,1981-01-08,
ccaa0537-4e7f-99d8-8b79-c7c94c749579,2004-10-12,
c1453af6-5763-f853-7da2-a16adee55469,2014-01-05,
2e9a9dab-f5b6-8960-d3ce-7834bb5e7344,1990-01-14,
6d04a400-ad21-5951-b092-c14b6358d4c5,2010-10-18,
babc4b97-d859-0fe4-2874-fb6fe493ae6b,2023-03-25,
dc77ef0d-1846-94fd-cce5-a7a555009d17,2011-10-16,
c823813e-2588-4814-6eb4-824974791862,1980-09-21,
3368f8e7-5e00-7794-1e39-f65cb954d43d,1967-10-07,
5693c080-f485-91e7-54b9-ad9a8c12af62,1973-03-25,
ba47a33b-ffb6-25b9-e8bf-e7eabeaee1be,2000-02-14,
f5749532-3295-ad01-d9b5-932c997e7a01,1972-09-11,
46fcc34a-97a1-f038-9bb1-4ae87116ae61,1985-06-12,
3314e296-2326-2826-271d-a7be5b896db9,1990-05-27,
2fb99851-6f31-04a6-be96-6fef4663e208,1962-05-09,
fb56f051-a2cd-ac10-dcb0-e0738295fc1f,1967-10-07,1991-06-06T17:50:38+00:00
e7c068bb-6d29-27d3-0b8b-ec0406cc91b7,1993-11-17,
adec1419-cf81-6640-abe6-cac7c0c1b9d4,1964-02-22,
e503e9b3-d149-653b-92df-ca4a8cb68e16,1984-10-08,
57efda89-b582-bb08-8a2d-e06b2c184bfc,1975-10-22,
3fa46c70-b194-f14c-3d51-e06cfa4bb9e2,1995-03-04,
8c5b83b2-737e-46cf-953b-414e07ed78e7,1973-11-12,
197ec76f-0730-2587-9ff9-a0f60104a782,2007-06-28,
1d63466e-0cfd-eb12-77aa-d153393355e5,1954-10-05,
1426480f-ccc7-2393-40bd-f92ccf2b74b2,1961-12-18,
8704c44c-8b97-e35a-3bac-7d5b24de06b3,1989-01-18,
f6745f8a-8107-443e-8946-3e6329d20408,1953-05-12,
ee4b7339-ca58-b6af-c199-04b6d5761c73,2026-05-27,
4af53267-820e-7687-87a4-f6716ef64a2e,2015-01-05,
9389eec9-a5c3-a9e1-b675-93cd1f199532,2001-05-20,
87f7ad7b-85f9-d26d-5a41-9933f4039331,1969-04-25,
d309f605-948b-962f-ca72-878ce8b8d154,1961-07-02,
bd4e49cb-391b-d08a-c7ab-b585e7bd5758,1984-12-02,
d21f2794-014b-c66b-3688-888382ab7434,1979-12-23,
96de62ae-1b00-58d8-77f9-cd25414e16be,1998-07-22,
09c573e2-a45d-aa5e-6a17-3c682155e6e3,2008-02-12,
a5816bea-ad10-431f-1281-47baa2cf249b,2009-03-08,
6c4283c9-228b-2774-7d25-fbb5a14bdc1b,1985-11-30,
afb99eee-0bd5-8853-8a32-fad74da7b103,1998-10-09,
a45aa142-d1e9-d944-f2c7-05015c90762d,1963-09-25,
