representation,source_resourceType,source_field,target_table,target_field,transformation_type,preserved_information,discarded_information,reason
R1,Patient,id,r1_patient,patient_id,direct_copy,resource identity,none,primary key for all downstream joins
R1,Patient,birthDate,r1_patient,birth_date,direct_copy,demographic date value,none,observed temporal field (Stage1/2 temporal_dependency.csv)
R1,Patient,deceasedDateTime,r1_patient,deceased_datetime,direct_copy,death event timestamp (9/109 patients),none,"observed temporal field, distinct semantics from birthDate"
R1,Patient/Encounter,identifier[].system/value/use,r1_identifier,system/value/use,array_explode,"external business identifiers, one row per identifier",identifier.type CodeableConcept detail (e.g. MR-number qualifier),entity_identity information unit (Stage2 information_units.csv); identifier.type sub-structure out of scope
R1,Encounter,id,r1_encounter,encounter_id,direct_copy,resource identity,none,primary key
R1,Encounter,subject.reference,r1_encounter / r1_relationship,patient_id,reference_to_fk,"patient linkage (100% resolvable, Stage1 Section 6)",inline display text,Low-risk transformation per Stage2 transformation_risk_matrix.csv
R1,Encounter,period.start / period.end,r1_encounter,period_start / period_end,direct_copy,encounter duration interval kept as two distinct fields,none,collapsing to one field flagged High risk by Stage2
R1,Encounter,class,r1_coded_concept / r1_coding,class_concept_id,coding_normalize,system+code(+display) of the bare Coding,none,categorical_information unit (Stage2)
R1,Encounter,type[],r1_coded_concept / r1_coding,(looked up by resource_id + field_path),array_explode + coding_normalize,"every coding, every array element, text",none,categorical_information unit (Stage2)
R1,Encounter,participant[],r1_encounter_participant,"individual_reference, period_start/end",array_explode,individual reference + period per participant,participant.type CodeableConcept detail,relationship_information unit (Stage2); participant.type sub-structure out of scope
R1,Condition,id,r1_condition,condition_id,direct_copy,resource identity,none,primary key
R1,Condition,subject.reference,r1_condition / r1_relationship,patient_id,reference_to_fk,patient linkage,inline display text,Low-risk transformation per Stage2
R1,Condition,encounter.reference,r1_condition / r1_relationship,encounter_id,reference_to_fk,encounter linkage,inline display text,Low-risk transformation per Stage2
R1,Condition,code,r1_coded_concept / r1_coding,code_concept_id,coding_normalize,all codings + text,none,categorical_information unit (Stage2)
R1,Condition,clinicalStatus,r1_coded_concept / r1_coding,clinical_status_concept_id,coding_normalize,active/resolved status coding,none,provenance_or_context unit (Stage2); baseline for R2's later drop
R1,Condition,verificationStatus,r1_coded_concept / r1_coding,verification_status_concept_id,coding_normalize,confirmed/provisional status coding,none,provenance_or_context unit (Stage2); baseline for R2's later drop
R1,Condition,onsetDateTime,r1_condition,onset_datetime,direct_copy,clinical onset instant,none,distinct temporal semantic (Stage2 temporal_dependency.csv)
R1,Condition,recordedDate,r1_condition,recorded_date,direct_copy,documentation-time instant,none,distinct temporal semantic
R1,Condition,abatementDateTime,r1_condition,abatement_datetime,direct_copy,clinical resolution instant,none,distinct temporal semantic
R1,Observation,id,r1_observation,observation_id,direct_copy,resource identity,none,primary key
R1,Observation,subject.reference / encounter.reference,r1_observation / r1_relationship,patient_id / encounter_id,reference_to_fk,patient + encounter linkage,inline display text,Low-risk transformation per Stage2
R1,Observation,code,r1_coded_concept / r1_coding,code_concept_id,coding_normalize,all codings (incl. LOINC/SNOMED mix) + text,none,categorical_information unit (Stage2)
R1,Observation,category[],r1_coded_concept / r1_coding,(looked up by resource_id + field_path),array_explode + coding_normalize,every category coding,none,categorical_information unit (Stage2)
R1,Observation,valueQuantity,r1_observation,value_quantity_value/unit/system/code,type_dispatch,value + unit + unit system/code,none,numerical_measurement unit (Stage2); typed columns avoid High-risk generic-value collapse
R1,Observation,valueCodeableConcept,r1_observation + r1_coded_concept/r1_coding,value_codeable_concept_id,type_dispatch + coding_normalize,all codings + text of the value,none,categorical_information unit (Stage2)
R1,Observation,valueString,r1_observation,value_string,type_dispatch,free-text value,none,observed value[x] representation (Stage2 observation_polymorphism.csv)
R1,Observation,component[],r1_observation_component,(one row per component),array_explode,"every component row: code, value, unit, all fully typed",none,Low risk per Stage2 (parent observation_id preserves the grouping key)
R1,MedicationRequest,id,r1_medication_request,medication_request_id,direct_copy,resource identity,none,primary key
R1,MedicationRequest,subject.reference / encounter.reference,r1_medication_request / r1_relationship,patient_id / encounter_id,reference_to_fk,patient + encounter linkage,inline display text,Low-risk transformation per Stage2
R1,MedicationRequest,medicationCodeableConcept,r1_coded_concept / r1_coding,medication_codeable_concept_id,coding_normalize,all codings + text (2832/3858 requests),none,categorical_information unit (Stage2)
R1,MedicationRequest,medicationReference,r1_medication_request,medication_reference_id,reference_to_fk,join key to the R0 Medication resource (1026/3858 requests),Medication resource content (name/code) -- Medication resourceType is outside the 5 target types,documented scope boundary; drug identity for these rows is reconstructable only by going back to R0
R1,MedicationRequest,authoredOn,r1_medication_request,authored_on,direct_copy,prescription-authoring instant,none,only observed MedicationRequest temporal field (Stage1)
R1,MedicationRequest,reasonReference[],r1_medication_request / r1_relationship,reason_condition_id,reference_to_fk,"MedicationRequest -> Condition causal link (2733/3858, 70.84% coverage)",inline display text,specialized semantic relationship explicitly required to be preserved distinctly by the Stage3 specification
R1,MedicationRequest,dosageInstruction[],r1_dosage,"text, as_needed_boolean",array_explode,free text + asNeededBoolean per instruction,structured timing/dose/route sub-fields,"descriptive_metadata unit (Stage2 information_units.csv row 24); only text+asNeeded flagged there, deeper dose structure out of scope"
R1,all target types,meta.profile,(not carried forward),(none),drop,none,US Core profile conformance declarations,Low-risk drop per Stage2 candidate_transformations.csv; not used by any candidate workload
R2,Patient,birthDate,r2_patient,birth_date,direct_copy,demographic date only,none,"explicitly NOT an event timestamp, per Stage3 specification"
R2,Patient,deceasedDateTime,(not carried forward),(none),drop,none,death event timestamp (9/109 patients),R2's one-timestamp-per-resource-type rule restricts Patient to birthDate only
R2,Encounter,period.start,r2_encounter,event_timestamp,temporal_collapse,one representative encounter timestamp,period.end / encounter duration,documented one-timestamp-per-resource rule (Section 13)
R2,Encounter,class,r2_encounter,"class_system, class_code",codeable_concept_simplify,single coding: system + code,display (Coding has no alternates/text),"CodeableConcept simplification rule (Section 11); system retained, not removed"
R2,Encounter,type[0],r2_encounter,"type_system, type_code",codeable_concept_simplify + array_first_element,first type's first coding: system + code,all other type[] entries; all alternate codings within the first entry; display/text,deterministic first-in-canonical-order rule
R2,Condition,onsetDateTime,r2_condition,event_timestamp,temporal_collapse,clinical-onset instant,"recordedDate, abatementDateTime",documented rule: Condition uses onsetDateTime
R2,Condition,code,r2_condition,"code_system, code_code",codeable_concept_simplify,single coding: system + code,display/text; alternate codings,CodeableConcept simplification rule
R2,Condition,clinicalStatus / verificationStatus,(not carried forward),(none),drop,none,"active/resolved + confirmed/provisional status (100% of Conditions, 7080 coding instances)","Medium-risk metadata simplification per Stage2; explicitly affects cohort-selection correctness for W1/W2, documented as a real (not cosmetic) loss"
R2,Observation,effectiveDateTime,r2_observation,event_timestamp,temporal_collapse,clinical-observation instant,issued,documented rule: Observation uses effectiveDateTime
R2,Observation,code,r2_observation,"code_system, code_code",codeable_concept_simplify,single coding: system + code,display/text; alternate codings,CodeableConcept simplification rule
R2,Observation,category[0],r2_observation,"category_system, category_code",codeable_concept_simplify + array_first_element,first category's coding,any additional category entries,deterministic first-in-canonical-order rule
R2,Observation,valueQuantity,r2_observation,"value_numeric, value_unit",type_dispatch,value + unit string,unit coding system/code (e.g. UCUM identifiers),"kept as typed sibling columns to avoid Stage2's High-risk generic-value collapse; unit string kept, its own coding system dropped for BI simplicity"
R2,Observation,valueCodeableConcept,r2_observation,"value_coded_system, value_coded_code",type_dispatch + codeable_concept_simplify,single coding: system + code,display/text; alternate codings,CodeableConcept simplification rule applied to the value
R2,Observation,valueString,r2_observation,value_string,type_dispatch,free-text value,none,already scalar; no simplification needed
R2,Observation,component[],r2_observation (comp_<code>_* columns),comp_<code>_value/unit or comp_<code>_code or comp_<code>_text,fixed_schema_pivot,"every one of the 29 component codes observed in this dataset, as its own column, one wide row per Observation",component ordinal/position; a second instance of the same code within one Observation would collide (0 such collisions observed in this dataset),"deterministic fixed-schema flattening derived from development-dataset component codes, per Stage3 specification"
R2,MedicationRequest,authoredOn,r2_medication_request,event_timestamp,temporal_collapse,prescription-authoring instant,none (only MedicationRequest temporal field),documented rule
R2,MedicationRequest,medicationCodeableConcept,r2_medication_request,"medication_system, medication_code",codeable_concept_simplify,single coding: system + code (2832/3858 requests),display/text; alternate codings,CodeableConcept simplification rule
R2,MedicationRequest,medicationReference,(not carried forward),(none),drop,none,drug identity for the 1026/3858 (26.6%) requests that use medicationReference instead of medicationCodeableConcept,"R2 only models CodeableConcept-based medication identity; Medication resource is not modeled at all in R2 (unlike R1, which keeps the FK)"
R2,MedicationRequest,reasonReference[],r2_medication_request,reason_condition_id,reference_to_fk,"MedicationRequest -> Condition causal link, converted from FHIR reference syntax into an analytical foreign key -- the relationship remains fully reconstructable via an ordinary join, exactly like patient_id/encounter_id (corrected per the Stage3 methodological correction; see the section above Section 14)",inline display text only; 0 unresolved and 0 multi-valued cases observed in this dataset (Section 14),"representational transformation, not information loss: converting a reference string into a foreign key does not destroy a relationship when the target id remains resolvable"
R2,MedicationRequest,dosageInstruction[],(not carried forward),(none),drop,none,free-text/structured dosage instructions,metadata simplification; not required by W1-W4
R2,Condition/Observation/MedicationRequest/Encounter,subject.reference / encounter.reference,r2_* tables,"patient_id, encounter_id",reference_to_fk,"patient/encounter join key -- relationship remains reconstructable via an ordinary tabular join (explicit methodological correction, Section 14)",explicit edge-type/cardinality metadata; no general relationship table in R2,explicitly permitted per Stage3 specification: retaining the FK preserves the relationship
R2,all target types,meta.profile,(not carried forward),(none),drop,none,US Core profile conformance declarations,same Low-risk drop as R1
