scenario,workload_id,representation,transformation_cost_ms,runtime_r0_ms,runtime_ri_ms,break_even_queries
query_only,W1,R1,13186.55,2.428275,12.01225,no_break_even
query_only,W1,R2,13069.85,2.428275,0.6163625,7213.289824977752
query_only,W2,R1,13186.55,7.26485,26.131700000000002,no_break_even
query_only,W2,R2,13069.85,7.26485,1.4084875000000001,2231.7351427613985
query_only,W3,R1,13186.55,13.30375,11.181899999999999,6214.647595258848
query_only,W3,R2,13069.85,13.30375,10.9708,5602.284661051458
query_only,W4,R1,13186.55,18.549599999999998,11.007349999999999,1748.357585601114
end_to_end,W1,R1,13186.55,3883.1587,145.99290000000002,3.5284894237231863
end_to_end,W1,R2,13069.85,3883.1587,7.922000000000001,3.3726585010923333
end_to_end,W2,R1,13186.55,3855.8716,168.97355,3.5765974055073206
end_to_end,W2,R2,13069.85,3855.8716,17.5044,3.4050546284367997
end_to_end,W3,R1,13186.55,4015.7433,34.45855,3.312134355624776
end_to_end,W3,R2,13069.85,4015.7433,27.92855,3.277446626626776
end_to_end,W4,R1,13186.55,3948.0249,22.2081,3.35893157316969
