scenario,workload_id,representation,repetition,batch_size,elapsed_ns,elapsed_ms,per_query_ms,result_set_size,correctness_verified,first_run,warmup_or_measured
query_only,W1,R0,0,2,7311500,7.3115,3.65575,41,True,True,measured
query_only,W1,R0,1,2,7914800,7.9148,3.9574,41,True,False,measured
query_only,W1,R0,2,2,6079200,6.0792,3.0396,41,True,False,measured
query_only,W1,R0,3,2,7564100,7.5641,3.78205,41,True,False,measured
query_only,W1,R0,4,2,5004800,5.0048,2.5024,41,True,False,measured
query_only,W1,R0,5,2,5159900,5.1599,2.57995,41,True,False,measured
query_only,W1,R0,6,2,4988500,4.9885,2.49425,41,True,False,measured
query_only,W1,R0,7,2,5188400,5.1884,2.5942,41,True,False,measured
query_only,W1,R0,8,2,4996700,4.9967,2.49835,41,True,False,measured
query_only,W1,R0,9,2,6287800,6.2878,3.1439,41,True,False,measured
query_only,W1,R0,10,2,6429800,6.4298,3.2149,41,True,False,measured
query_only,W1,R0,11,2,4855300,4.8553,2.42765,41,True,False,measured
query_only,W1,R0,12,2,5747200,5.7472,2.8736,41,True,False,measured
query_only,W1,R0,13,2,4488500,4.4885,2.24425,41,True,False,measured
query_only,W1,R0,14,2,4447100,4.4471,2.22355,41,True,False,measured
query_only,W1,R0,15,2,4995400,4.9954,2.4977,41,True,False,measured
query_only,W1,R0,16,2,4857800,4.8578,2.4289,41,True,False,measured
query_only,W1,R0,17,2,4602700,4.6027,2.30135,41,True,False,measured
query_only,W1,R0,18,2,4576700,4.5767,2.28835,41,True,False,measured
query_only,W1,R0,19,2,4496300,4.4963,2.24815,41,True,False,measured
query_only,W1,R0,20,2,4417400,4.4174,2.2087,41,True,False,measured
query_only,W1,R0,21,2,4421800,4.4218,2.2109,41,True,False,measured
query_only,W1,R0,22,2,4590500,4.5905,2.29525,41,True,False,measured
query_only,W1,R0,23,2,4440500,4.4405,2.22025,41,True,False,measured
query_only,W1,R0,24,2,4457300,4.4573,2.22865,41,True,False,measured
query_only,W1,R0,25,2,4584000,4.584,2.292,41,True,False,measured
query_only,W1,R0,26,2,4925400,4.9254,2.4627,41,True,False,measured
query_only,W1,R0,27,2,4504200,4.5042,2.2521,41,True,False,measured
query_only,W1,R0,28,2,4451300,4.4513,2.22565,41,True,False,measured
query_only,W1,R0,29,2,4826600,4.8266,2.4133,41,True,False,measured
query_only,W1,R1,0,1,13944000,13.944,13.944,41,True,True,measured
query_only,W1,R1,1,1,12918400,12.9184,12.9184,41,True,False,measured
query_only,W1,R1,2,1,11855700,11.8557,11.8557,41,True,False,measured
query_only,W1,R1,3,1,11866600,11.8666,11.8666,41,True,False,measured
query_only,W1,R1,4,1,12280800,12.2808,12.2808,41,True,False,measured
query_only,W1,R1,5,1,12055700,12.0557,12.0557,41,True,False,measured
query_only,W1,R1,6,1,14292100,14.2921,14.2921,41,True,False,measured
query_only,W1,R1,7,1,11985000,11.985,11.985,41,True,False,measured
query_only,W1,R1,8,1,12283800,12.2838,12.2838,41,True,False,measured
query_only,W1,R1,9,1,12244400,12.2444,12.2444,41,True,False,measured
query_only,W1,R1,10,1,12099700,12.0997,12.0997,41,True,False,measured
query_only,W1,R1,11,1,13431500,13.4315,13.4315,41,True,False,measured
query_only,W1,R1,12,1,11777400,11.7774,11.7774,41,True,False,measured
query_only,W1,R1,13,1,11855900,11.8559,11.8559,41,True,False,measured
query_only,W1,R1,14,1,11679100,11.6791,11.6791,41,True,False,measured
query_only,W1,R1,15,1,12039500,12.0395,12.0395,41,True,False,measured
query_only,W1,R1,16,1,13401200,13.4012,13.4012,41,True,False,measured
query_only,W1,R1,17,1,11624700,11.6247,11.6247,41,True,False,measured
query_only,W1,R1,18,1,11951300,11.9513,11.9513,41,True,False,measured
query_only,W1,R1,19,1,11451300,11.4513,11.4513,41,True,False,measured
query_only,W1,R1,20,1,12086000,12.086,12.086,41,True,False,measured
query_only,W1,R1,21,1,12922700,12.9227,12.9227,41,True,False,measured
query_only,W1,R1,22,1,11651300,11.6513,11.6513,41,True,False,measured
query_only,W1,R1,23,1,11828800,11.8288,11.8288,41,True,False,measured
query_only,W1,R1,24,1,11566600,11.5666,11.5666,41,True,False,measured
query_only,W1,R1,25,1,11680500,11.6805,11.6805,41,True,False,measured
query_only,W1,R1,26,1,12162000,12.162,12.162,41,True,False,measured
query_only,W1,R1,27,1,12216400,12.2164,12.2164,41,True,False,measured
query_only,W1,R1,28,1,11782800,11.7828,11.7828,41,True,False,measured
query_only,W1,R1,29,1,11652700,11.6527,11.6527,41,True,False,measured
query_only,W1,R2,0,8,5210300,5.2103,0.6512875,41,True,True,measured
query_only,W1,R2,1,8,5268700,5.2687,0.6585875,41,True,False,measured
query_only,W1,R2,2,8,4856600,4.8566,0.607075,41,True,False,measured
query_only,W1,R2,3,8,4769200,4.7692,0.59615,41,True,False,measured
query_only,W1,R2,4,8,5351100,5.3511,0.6688875,41,True,False,measured
query_only,W1,R2,5,8,4877500,4.8775,0.6096875,41,True,False,measured
query_only,W1,R2,6,8,4773600,4.7736,0.5967,41,True,False,measured
query_only,W1,R2,7,8,6323000,6.323,0.790375,41,True,False,measured
query_only,W1,R2,8,8,4926400,4.9264,0.6158,41,True,False,measured
query_only,W1,R2,9,8,4750600,4.7506,0.593825,41,True,False,measured
query_only,W1,R2,10,8,4932800,4.9328,0.6166,41,True,False,measured
query_only,W1,R2,11,8,4868300,4.8683,0.6085375,41,True,False,measured
query_only,W1,R2,12,8,4714500,4.7145,0.5893125,41,True,False,measured
query_only,W1,R2,13,8,4750200,4.7502,0.593775,41,True,False,measured
query_only,W1,R2,14,8,5258000,5.258,0.65725,41,True,False,measured
query_only,W1,R2,15,8,4929000,4.929,0.616125,41,True,False,measured
query_only,W1,R2,16,8,4952200,4.9522,0.619025,41,True,False,measured
query_only,W1,R2,17,8,5233700,5.2337,0.6542125,41,True,False,measured
query_only,W1,R2,18,8,4984100,4.9841,0.6230125,41,True,False,measured
query_only,W1,R2,19,8,5039400,5.0394,0.629925,41,True,False,measured
query_only,W1,R2,20,8,6131100,6.1311,0.7663875,41,True,False,measured
query_only,W1,R2,21,8,4752700,4.7527,0.5940875,41,True,False,measured
query_only,W1,R2,22,8,4707400,4.7074,0.588425,41,True,False,measured
query_only,W1,R2,23,8,5455500,5.4555,0.6819375,41,True,False,measured
query_only,W1,R2,24,8,5056400,5.0564,0.63205,41,True,False,measured
query_only,W1,R2,25,8,4805400,4.8054,0.600675,41,True,False,measured
query_only,W1,R2,26,8,4798100,4.7981,0.5997625,41,True,False,measured
query_only,W1,R2,27,8,4924000,4.924,0.6155,41,True,False,measured
query_only,W1,R2,28,8,5228400,5.2284,0.65355,41,True,False,measured
query_only,W1,R2,29,8,5089000,5.089,0.636125,41,True,False,measured
query_only,W2,R0,0,1,7278500,7.2785,7.2785,4,True,True,measured
query_only,W2,R0,1,1,7102200,7.1022,7.1022,4,True,False,measured
query_only,W2,R0,2,1,7168100,7.1681,7.1681,4,True,False,measured
query_only,W2,R0,3,1,6883200,6.8832,6.8832,4,True,False,measured
query_only,W2,R0,4,1,6755800,6.7558,6.7558,4,True,False,measured
query_only,W2,R0,5,1,6663600,6.6636,6.6636,4,True,False,measured
query_only,W2,R0,6,1,6472000,6.472,6.472,4,True,False,measured
query_only,W2,R0,7,1,7251200,7.2512,7.2512,4,True,False,measured
query_only,W2,R0,8,1,6565700,6.5657,6.5657,4,True,False,measured
query_only,W2,R0,9,1,8145200,8.1452,8.1452,4,True,False,measured
query_only,W2,R0,10,1,6752900,6.7529,6.7529,4,True,False,measured
query_only,W2,R0,11,1,8465800,8.4658,8.4658,4,True,False,measured
query_only,W2,R0,12,1,9049100,9.0491,9.0491,4,True,False,measured
query_only,W2,R0,13,1,7687800,7.6878,7.6878,4,True,False,measured
query_only,W2,R0,14,1,7335100,7.3351,7.3351,4,True,False,measured
query_only,W2,R0,15,1,7052500,7.0525,7.0525,4,True,False,measured
query_only,W2,R0,16,1,8246300,8.2463,8.2463,4,True,False,measured
query_only,W2,R0,17,1,8744200,8.7442,8.7442,4,True,False,measured
query_only,W2,R0,18,1,8523700,8.5237,8.5237,4,True,False,measured
query_only,W2,R0,19,1,8556300,8.5563,8.5563,4,True,False,measured
query_only,W2,R0,20,1,8331500,8.3315,8.3315,4,True,False,measured
query_only,W2,R0,21,1,7027700,7.0277,7.0277,4,True,False,measured
query_only,W2,R0,22,1,6704300,6.7043,6.7043,4,True,False,measured
query_only,W2,R0,23,1,7704500,7.7045,7.7045,4,True,False,measured
query_only,W2,R0,24,1,6957600,6.9576,6.9576,4,True,False,measured
query_only,W2,R0,25,1,7216500,7.2165,7.2165,4,True,False,measured
query_only,W2,R0,26,1,6818600,6.8186,6.8186,4,True,False,measured
query_only,W2,R0,27,1,8949500,8.9495,8.9495,4,True,False,measured
query_only,W2,R0,28,1,7869800,7.8698,7.8698,4,True,False,measured
query_only,W2,R0,29,1,9299400,9.2994,9.2994,4,True,False,measured
query_only,W2,R1,0,1,27456500,27.4565,27.4565,4,True,True,measured
query_only,W2,R1,1,1,24400500,24.4005,24.4005,4,True,False,measured
query_only,W2,R1,2,1,26978200,26.9782,26.9782,4,True,False,measured
query_only,W2,R1,3,1,27161400,27.1614,27.1614,4,True,False,measured
query_only,W2,R1,4,1,26053600,26.0536,26.0536,4,True,False,measured
query_only,W2,R1,5,1,26302500,26.3025,26.3025,4,True,False,measured
query_only,W2,R1,6,1,27788200,27.7882,27.7882,4,True,False,measured
query_only,W2,R1,7,1,25150200,25.1502,25.1502,4,True,False,measured
query_only,W2,R1,8,1,24585600,24.5856,24.5856,4,True,False,measured
query_only,W2,R1,9,1,25566500,25.5665,25.5665,4,True,False,measured
query_only,W2,R1,10,1,26430400,26.4304,26.4304,4,True,False,measured
query_only,W2,R1,11,1,26209800,26.2098,26.2098,4,True,False,measured
query_only,W2,R1,12,1,26270400,26.2704,26.2704,4,True,False,measured
query_only,W2,R1,13,1,24896000,24.896,24.896,4,True,False,measured
query_only,W2,R1,14,1,25345600,25.3456,25.3456,4,True,False,measured
query_only,W2,R1,15,1,27078000,27.078,27.078,4,True,False,measured
query_only,W2,R1,16,1,24664400,24.6644,24.6644,4,True,False,measured
query_only,W2,R1,17,1,26915400,26.9154,26.9154,4,True,False,measured
query_only,W2,R1,18,1,26998500,26.9985,26.9985,4,True,False,measured
query_only,W2,R1,19,1,25594400,25.5944,25.5944,4,True,False,measured
query_only,W2,R1,20,1,25479000,25.479,25.479,4,True,False,measured
query_only,W2,R1,21,1,26718700,26.7187,26.7187,4,True,False,measured
query_only,W2,R1,22,1,26500400,26.5004,26.5004,4,True,False,measured
query_only,W2,R1,23,1,25321800,25.3218,25.3218,4,True,False,measured
query_only,W2,R1,24,1,25904700,25.9047,25.9047,4,True,False,measured
query_only,W2,R1,25,1,27882100,27.8821,27.8821,4,True,False,measured
query_only,W2,R1,26,1,26443800,26.4438,26.4438,4,True,False,measured
query_only,W2,R1,27,1,25289400,25.2894,25.2894,4,True,False,measured
query_only,W2,R1,28,1,25909600,25.9096,25.9096,4,True,False,measured
query_only,W2,R1,29,1,25944200,25.9442,25.9442,4,True,False,measured
query_only,W2,R2,0,4,7670600,7.6706,1.91765,4,True,True,measured
query_only,W2,R2,1,4,5328300,5.3283,1.332075,4,True,False,measured
query_only,W2,R2,2,4,5409200,5.4092,1.3523,4,True,False,measured
query_only,W2,R2,3,4,5631600,5.6316,1.4079,4,True,False,measured
query_only,W2,R2,4,4,5317200,5.3172,1.3293,4,True,False,measured
query_only,W2,R2,5,4,5345500,5.3455,1.336375,4,True,False,measured
query_only,W2,R2,6,4,5749600,5.7496,1.4374,4,True,False,measured
query_only,W2,R2,7,4,5584800,5.5848,1.3962,4,True,False,measured
query_only,W2,R2,8,4,6976200,6.9762,1.74405,4,True,False,measured
query_only,W2,R2,9,4,6022200,6.0222,1.50555,4,True,False,measured
query_only,W2,R2,10,4,5268400,5.2684,1.3171,4,True,False,measured
query_only,W2,R2,11,4,5539700,5.5397,1.384925,4,True,False,measured
query_only,W2,R2,12,4,5474400,5.4744,1.3686,4,True,False,measured
query_only,W2,R2,13,4,5511000,5.511,1.37775,4,True,False,measured
query_only,W2,R2,14,4,6835400,6.8354,1.70885,4,True,False,measured
query_only,W2,R2,15,4,5678000,5.678,1.4195,4,True,False,measured
query_only,W2,R2,16,4,5716400,5.7164,1.4291,4,True,False,measured
query_only,W2,R2,17,4,5683400,5.6834,1.42085,4,True,False,measured
query_only,W2,R2,18,4,5586700,5.5867,1.396675,4,True,False,measured
query_only,W2,R2,19,4,5796100,5.7961,1.449025,4,True,False,measured
query_only,W2,R2,20,4,5689900,5.6899,1.422475,4,True,False,measured
query_only,W2,R2,21,4,5636300,5.6363,1.409075,4,True,False,measured
query_only,W2,R2,22,4,5711900,5.7119,1.427975,4,True,False,measured
query_only,W2,R2,23,4,5616900,5.6169,1.404225,4,True,False,measured
query_only,W2,R2,24,4,5717300,5.7173,1.429325,4,True,False,measured
query_only,W2,R2,25,4,6887600,6.8876,1.7219,4,True,False,measured
query_only,W2,R2,26,4,5436800,5.4368,1.3592,4,True,False,measured
query_only,W2,R2,27,4,6666100,6.6661,1.666525,4,True,False,measured
query_only,W2,R2,28,4,5579100,5.5791,1.394775,4,True,False,measured
query_only,W2,R2,29,4,5578400,5.5784,1.3946,4,True,False,measured
query_only,W3,R0,0,1,12670600,12.6706,12.6706,95,True,True,measured
query_only,W3,R0,1,1,12668900,12.6689,12.6689,95,True,False,measured
query_only,W3,R0,2,1,13761700,13.7617,13.7617,95,True,False,measured
query_only,W3,R0,3,1,12940800,12.9408,12.9408,95,True,False,measured
query_only,W3,R0,4,1,15721000,15.721,15.721,95,True,False,measured
query_only,W3,R0,5,1,14721700,14.7217,14.7217,95,True,False,measured
query_only,W3,R0,6,1,12906800,12.9068,12.9068,95,True,False,measured
query_only,W3,R0,7,1,13376800,13.3768,13.3768,95,True,False,measured
query_only,W3,R0,8,1,12445100,12.4451,12.4451,95,True,False,measured
query_only,W3,R0,9,1,12252300,12.2523,12.2523,95,True,False,measured
query_only,W3,R0,10,1,11979500,11.9795,11.9795,95,True,False,measured
query_only,W3,R0,11,1,12199500,12.1995,12.1995,95,True,False,measured
query_only,W3,R0,12,1,12384400,12.3844,12.3844,95,True,False,measured
query_only,W3,R0,13,1,13212200,13.2122,13.2122,95,True,False,measured
query_only,W3,R0,14,1,12921100,12.9211,12.9211,95,True,False,measured
query_only,W3,R0,15,1,14008200,14.0082,14.0082,95,True,False,measured
query_only,W3,R0,16,1,13274300,13.2743,13.2743,95,True,False,measured
query_only,W3,R0,17,1,15324500,15.3245,15.3245,95,True,False,measured
query_only,W3,R0,18,1,14271900,14.2719,14.2719,95,True,False,measured
query_only,W3,R0,19,1,13389600,13.3896,13.3896,95,True,False,measured
query_only,W3,R0,20,1,12106000,12.106,12.106,95,True,False,measured
query_only,W3,R0,21,1,12551500,12.5515,12.5515,95,True,False,measured
query_only,W3,R0,22,1,14278400,14.2784,14.2784,95,True,False,measured
query_only,W3,R0,23,1,13668600,13.6686,13.6686,95,True,False,measured
query_only,W3,R0,24,1,13864400,13.8644,13.8644,95,True,False,measured
query_only,W3,R0,25,1,13660700,13.6607,13.6607,95,True,False,measured
query_only,W3,R0,26,1,13333200,13.3332,13.3332,95,True,False,measured
query_only,W3,R0,27,1,13227900,13.2279,13.2279,95,True,False,measured
query_only,W3,R0,28,1,14459500,14.4595,14.4595,95,True,False,measured
query_only,W3,R0,29,1,14269600,14.2696,14.2696,95,True,False,measured
query_only,W3,R1,0,1,10840400,10.8404,10.8404,95,True,True,measured
query_only,W3,R1,1,1,11869500,11.8695,11.8695,95,True,False,measured
query_only,W3,R1,2,1,11409800,11.4098,11.4098,95,True,False,measured
query_only,W3,R1,3,1,14020900,14.0209,14.0209,95,True,False,measured
query_only,W3,R1,4,1,11160100,11.1601,11.1601,95,True,False,measured
query_only,W3,R1,5,1,10838000,10.838,10.838,95,True,False,measured
query_only,W3,R1,6,1,11064200,11.0642,11.0642,95,True,False,measured
query_only,W3,R1,7,1,11024100,11.0241,11.0241,95,True,False,measured
query_only,W3,R1,8,1,11056300,11.0563,11.0563,95,True,False,measured
query_only,W3,R1,9,1,11398600,11.3986,11.3986,95,True,False,measured
query_only,W3,R1,10,1,11203700,11.2037,11.2037,95,True,False,measured
query_only,W3,R1,11,1,11069700,11.0697,11.0697,95,True,False,measured
query_only,W3,R1,12,1,11156200,11.1562,11.1562,95,True,False,measured
query_only,W3,R1,13,1,11584700,11.5847,11.5847,95,True,False,measured
query_only,W3,R1,14,1,11307900,11.3079,11.3079,95,True,False,measured
query_only,W3,R1,15,1,11123700,11.1237,11.1237,95,True,False,measured
query_only,W3,R1,16,1,12983200,12.9832,12.9832,95,True,False,measured
query_only,W3,R1,17,1,12159500,12.1595,12.1595,95,True,False,measured
query_only,W3,R1,18,1,10768100,10.7681,10.7681,95,True,False,measured
query_only,W3,R1,19,1,10917800,10.9178,10.9178,95,True,False,measured
query_only,W3,R1,20,1,12721600,12.7216,12.7216,95,True,False,measured
query_only,W3,R1,21,1,10790300,10.7903,10.7903,95,True,False,measured
query_only,W3,R1,22,1,11062700,11.0627,11.0627,95,True,False,measured
query_only,W3,R1,23,1,11160100,11.1601,11.1601,95,True,False,measured
query_only,W3,R1,24,1,10559100,10.5591,10.5591,95,True,False,measured
query_only,W3,R1,25,1,11389700,11.3897,11.3897,95,True,False,measured
query_only,W3,R1,26,1,11441500,11.4415,11.4415,95,True,False,measured
query_only,W3,R1,27,1,11214600,11.2146,11.2146,95,True,False,measured
query_only,W3,R1,28,1,11760100,11.7601,11.7601,95,True,False,measured
query_only,W3,R1,29,1,11372100,11.3721,11.3721,95,True,False,measured
query_only,W3,R2,0,1,12670200,12.6702,12.6702,95,True,True,measured
query_only,W3,R2,1,1,11276900,11.2769,11.2769,95,True,False,measured
query_only,W3,R2,2,1,11044500,11.0445,11.0445,95,True,False,measured
query_only,W3,R2,3,1,10588300,10.5883,10.5883,95,True,False,measured
query_only,W3,R2,4,1,10480600,10.4806,10.4806,95,True,False,measured
query_only,W3,R2,5,1,11061000,11.061,11.061,95,True,False,measured
query_only,W3,R2,6,1,11396600,11.3966,11.3966,95,True,False,measured
query_only,W3,R2,7,1,11487400,11.4874,11.4874,95,True,False,measured
query_only,W3,R2,8,1,11179900,11.1799,11.1799,95,True,False,measured
query_only,W3,R2,9,1,11393900,11.3939,11.3939,95,True,False,measured
query_only,W3,R2,10,1,12763900,12.7639,12.7639,95,True,False,measured
query_only,W3,R2,11,1,10899600,10.8996,10.8996,95,True,False,measured
query_only,W3,R2,12,1,11814900,11.8149,11.8149,95,True,False,measured
query_only,W3,R2,13,1,12208100,12.2081,12.2081,95,True,False,measured
query_only,W3,R2,14,1,10606100,10.6061,10.6061,95,True,False,measured
query_only,W3,R2,15,1,10402100,10.4021,10.4021,95,True,False,measured
query_only,W3,R2,16,1,10694000,10.694,10.694,95,True,False,measured
query_only,W3,R2,17,1,10740300,10.7403,10.7403,95,True,False,measured
query_only,W3,R2,18,1,11282400,11.2824,11.2824,95,True,False,measured
query_only,W3,R2,19,1,13649300,13.6493,13.6493,95,True,False,measured
query_only,W3,R2,20,1,10805500,10.8055,10.8055,95,True,False,measured
query_only,W3,R2,21,1,10726700,10.7267,10.7267,95,True,False,measured
query_only,W3,R2,22,1,10633500,10.6335,10.6335,95,True,False,measured
query_only,W3,R2,23,1,10865300,10.8653,10.8653,95,True,False,measured
query_only,W3,R2,24,1,11001300,11.0013,11.0013,95,True,False,measured
query_only,W3,R2,25,1,10940300,10.9403,10.9403,95,True,False,measured
query_only,W3,R2,26,1,10757600,10.7576,10.7576,95,True,False,measured
query_only,W3,R2,27,1,10654600,10.6546,10.6546,95,True,False,measured
query_only,W3,R2,28,1,10800600,10.8006,10.8006,95,True,False,measured
query_only,W3,R2,29,1,11209300,11.2093,11.2093,95,True,False,measured
query_only,W4,R0,0,1,18830200,18.8302,18.8302,52,True,True,measured
query_only,W4,R0,1,1,17891300,17.8913,17.8913,52,True,False,measured
query_only,W4,R0,2,1,18628000,18.628,18.628,52,True,False,measured
query_only,W4,R0,3,1,20347300,20.3473,20.3473,52,True,False,measured
query_only,W4,R0,4,1,20633600,20.6336,20.6336,52,True,False,measured
query_only,W4,R0,5,1,19492600,19.4926,19.4926,52,True,False,measured
query_only,W4,R0,6,1,18031600,18.0316,18.0316,52,True,False,measured
query_only,W4,R0,7,1,19712500,19.7125,19.7125,52,True,False,measured
query_only,W4,R0,8,1,19231300,19.2313,19.2313,52,True,False,measured
query_only,W4,R0,9,1,18683600,18.6836,18.6836,52,True,False,measured
query_only,W4,R0,10,1,20035700,20.0357,20.0357,52,True,False,measured
query_only,W4,R0,11,1,18323600,18.3236,18.3236,52,True,False,measured
query_only,W4,R0,12,1,18159900,18.1599,18.1599,52,True,False,measured
query_only,W4,R0,13,1,18891300,18.8913,18.8913,52,True,False,measured
query_only,W4,R0,14,1,18119800,18.1198,18.1198,52,True,False,measured
query_only,W4,R0,15,1,18495700,18.4957,18.4957,52,True,False,measured
query_only,W4,R0,16,1,18423700,18.4237,18.4237,52,True,False,measured
query_only,W4,R0,17,1,18046200,18.0462,18.0462,52,True,False,measured
query_only,W4,R0,18,1,18603500,18.6035,18.6035,52,True,False,measured
query_only,W4,R0,19,1,18665500,18.6655,18.6655,52,True,False,measured
query_only,W4,R0,20,1,18395400,18.3954,18.3954,52,True,False,measured
query_only,W4,R0,21,1,18168000,18.168,18.168,52,True,False,measured
query_only,W4,R0,22,1,18902800,18.9028,18.9028,52,True,False,measured
query_only,W4,R0,23,1,17425600,17.4256,17.4256,52,True,False,measured
query_only,W4,R0,24,1,17755100,17.7551,17.7551,52,True,False,measured
query_only,W4,R0,25,1,17961900,17.9619,17.9619,52,True,False,measured
query_only,W4,R0,26,1,19002200,19.0022,19.0022,52,True,False,measured
query_only,W4,R0,27,1,20078000,20.078,20.078,52,True,False,measured
query_only,W4,R0,28,1,18033800,18.0338,18.0338,52,True,False,measured
query_only,W4,R0,29,1,17520700,17.5207,17.5207,52,True,False,measured
query_only,W4,R1,0,1,10709500,10.7095,10.7095,52,True,True,measured
query_only,W4,R1,1,1,10996800,10.9968,10.9968,52,True,False,measured
query_only,W4,R1,2,1,11103900,11.1039,11.1039,52,True,False,measured
query_only,W4,R1,3,1,11265500,11.2655,11.2655,52,True,False,measured
query_only,W4,R1,4,1,12171100,12.1711,12.1711,52,True,False,measured
query_only,W4,R1,5,1,10356500,10.3565,10.3565,52,True,False,measured
query_only,W4,R1,6,1,10351300,10.3513,10.3513,52,True,False,measured
query_only,W4,R1,7,1,10510800,10.5108,10.5108,52,True,False,measured
query_only,W4,R1,8,1,10322200,10.3222,10.3222,52,True,False,measured
query_only,W4,R1,9,1,10721200,10.7212,10.7212,52,True,False,measured
query_only,W4,R1,10,1,19289000,19.289,19.289,52,True,False,measured
query_only,W4,R1,11,1,20079800,20.0798,20.0798,52,True,False,measured
query_only,W4,R1,12,1,12256000,12.256,12.256,52,True,False,measured
query_only,W4,R1,13,1,11568300,11.5683,11.5683,52,True,False,measured
query_only,W4,R1,14,1,11024700,11.0247,11.0247,52,True,False,measured
query_only,W4,R1,15,1,11027600,11.0276,11.0276,52,True,False,measured
query_only,W4,R1,16,1,11125800,11.1258,11.1258,52,True,False,measured
query_only,W4,R1,17,1,11230500,11.2305,11.2305,52,True,False,measured
query_only,W4,R1,18,1,11387200,11.3872,11.3872,52,True,False,measured
query_only,W4,R1,19,1,11017900,11.0179,11.0179,52,True,False,measured
query_only,W4,R1,20,1,13762800,13.7628,13.7628,52,True,False,measured
query_only,W4,R1,21,1,10777700,10.7777,10.7777,52,True,False,measured
query_only,W4,R1,22,1,10742900,10.7429,10.7429,52,True,False,measured
query_only,W4,R1,23,1,10956700,10.9567,10.9567,52,True,False,measured
query_only,W4,R1,24,1,11511700,11.5117,11.5117,52,True,False,measured
query_only,W4,R1,25,1,10760200,10.7602,10.7602,52,True,False,measured
query_only,W4,R1,26,1,10393300,10.3933,10.3933,52,True,False,measured
query_only,W4,R1,27,1,10108600,10.1086,10.1086,52,True,False,measured
query_only,W4,R1,28,1,10719700,10.7197,10.7197,52,True,False,measured
query_only,W4,R1,29,1,10787400,10.7874,10.7874,52,True,False,measured
end_to_end,W1,R0,0,1,7956553700,7956.5537,7956.5537,41,True,True,measured
end_to_end,W1,R0,1,1,3698550200,3698.5502,3698.5502,41,True,False,measured
end_to_end,W1,R0,2,1,3683971600,3683.9716,3683.9716,41,True,False,measured
end_to_end,W1,R0,3,1,7646761500,7646.7615,7646.7615,41,True,False,measured
end_to_end,W1,R0,4,1,3603854200,3603.8542,3603.8542,41,True,False,measured
end_to_end,W1,R0,5,1,3681364900,3681.3649,3681.3649,41,True,False,measured
end_to_end,W1,R0,6,1,7551543000,7551.543,7551.543,41,True,False,measured
end_to_end,W1,R0,7,1,4067767200,4067.7672,4067.7672,41,True,False,measured
end_to_end,W1,R0,8,1,7852093400,7852.0934,7852.0934,41,True,False,measured
end_to_end,W1,R0,9,1,3570032600,3570.0326,3570.0326,41,True,False,measured
end_to_end,W1,R1,0,1,158176200,158.1762,158.1762,41,True,True,measured
end_to_end,W1,R1,1,1,147660100,147.6601,147.6601,41,True,False,measured
end_to_end,W1,R1,2,1,150211700,150.2117,150.2117,41,True,False,measured
end_to_end,W1,R1,3,1,145691200,145.6912,145.6912,41,True,False,measured
end_to_end,W1,R1,4,1,143205900,143.2059,143.2059,41,True,False,measured
end_to_end,W1,R1,5,1,142932000,142.932,142.932,41,True,False,measured
end_to_end,W1,R1,6,1,146294600,146.2946,146.2946,41,True,False,measured
end_to_end,W1,R1,7,1,143221400,143.2214,143.2214,41,True,False,measured
end_to_end,W1,R1,8,1,147230200,147.2302,147.2302,41,True,False,measured
end_to_end,W1,R1,9,1,143562700,143.5627,143.5627,41,True,False,measured
end_to_end,W1,R2,0,1,13632500,13.6325,13.6325,41,True,True,measured
end_to_end,W1,R2,1,1,8748000,8.748,8.748,41,True,False,measured
end_to_end,W1,R2,2,1,8101000,8.101,8.101,41,True,False,measured
end_to_end,W1,R2,3,1,7827200,7.8272,7.8272,41,True,False,measured
end_to_end,W1,R2,4,1,7758300,7.7583,7.7583,41,True,False,measured
end_to_end,W1,R2,5,1,7847400,7.8474,7.8474,41,True,False,measured
end_to_end,W1,R2,6,1,7624200,7.6242,7.6242,41,True,False,measured
end_to_end,W1,R2,7,1,7710100,7.7101,7.7101,41,True,False,measured
end_to_end,W1,R2,8,1,8268900,8.2689,8.2689,41,True,False,measured
end_to_end,W1,R2,9,1,7996600,7.9966,7.9966,41,True,False,measured
end_to_end,W2,R0,0,1,3627442000,3627.442,3627.442,4,True,True,measured
end_to_end,W2,R0,1,1,7791678400,7791.6784,7791.6784,4,True,False,measured
end_to_end,W2,R0,2,1,3853447700,3853.4477,3853.4477,4,True,False,measured
end_to_end,W2,R0,3,1,3798813000,3798.813,3798.813,4,True,False,measured
end_to_end,W2,R0,4,1,8267328100,8267.3281,8267.3281,4,True,False,measured
end_to_end,W2,R0,5,1,3854219900,3854.2199,3854.2199,4,True,False,measured
end_to_end,W2,R0,6,1,8336929600,8336.9296,8336.9296,4,True,False,measured
end_to_end,W2,R0,7,1,3857523300,3857.5233,3857.5233,4,True,False,measured
end_to_end,W2,R0,8,1,3846124200,3846.1242,3846.1242,4,True,False,measured
end_to_end,W2,R0,9,1,7915041000,7915.041,7915.041,4,True,False,measured
end_to_end,W2,R1,0,1,192907100,192.9071,192.9071,4,True,True,measured
end_to_end,W2,R1,1,1,168292400,168.2924,168.2924,4,True,False,measured
end_to_end,W2,R1,2,1,169018000,169.018,169.018,4,True,False,measured
end_to_end,W2,R1,3,1,168036000,168.036,168.036,4,True,False,measured
end_to_end,W2,R1,4,1,168415100,168.4151,168.4151,4,True,False,measured
end_to_end,W2,R1,5,1,170510700,170.5107,170.5107,4,True,False,measured
end_to_end,W2,R1,6,1,174349200,174.3492,174.3492,4,True,False,measured
end_to_end,W2,R1,7,1,168929100,168.9291,168.9291,4,True,False,measured
end_to_end,W2,R1,8,1,169731600,169.7316,169.7316,4,True,False,measured
end_to_end,W2,R1,9,1,165026700,165.0267,165.0267,4,True,False,measured
end_to_end,W2,R2,0,1,23959400,23.9594,23.9594,4,True,True,measured
end_to_end,W2,R2,1,1,18465000,18.465,18.465,4,True,False,measured
end_to_end,W2,R2,2,1,17632600,17.6326,17.6326,4,True,False,measured
end_to_end,W2,R2,3,1,17475300,17.4753,17.4753,4,True,False,measured
end_to_end,W2,R2,4,1,17094000,17.094,17.094,4,True,False,measured
end_to_end,W2,R2,5,1,17533500,17.5335,17.5335,4,True,False,measured
end_to_end,W2,R2,6,1,17309700,17.3097,17.3097,4,True,False,measured
end_to_end,W2,R2,7,1,17222300,17.2223,17.2223,4,True,False,measured
end_to_end,W2,R2,8,1,17473400,17.4734,17.4734,4,True,False,measured
end_to_end,W2,R2,9,1,18127500,18.1275,18.1275,4,True,False,measured
end_to_end,W3,R0,0,1,3538571600,3538.5716,3538.5716,95,True,True,measured
end_to_end,W3,R0,1,1,8124306500,8124.3065,8124.3065,95,True,False,measured
end_to_end,W3,R0,2,1,4096647300,4096.6473,4096.6473,95,True,False,measured
end_to_end,W3,R0,3,1,3883986900,3883.9869,3883.9869,95,True,False,measured
end_to_end,W3,R0,4,1,8121717400,8121.7174,8121.7174,95,True,False,measured
end_to_end,W3,R0,5,1,3783031800,3783.0318,3783.0318,95,True,False,measured
end_to_end,W3,R0,6,1,7994154700,7994.1547,7994.1547,95,True,False,measured
end_to_end,W3,R0,7,1,3934839300,3934.8393,3934.8393,95,True,False,measured
end_to_end,W3,R0,8,1,3835681300,3835.6813,3835.6813,95,True,False,measured
end_to_end,W3,R0,9,1,7951053700,7951.0537,7951.0537,95,True,False,measured
end_to_end,W3,R1,0,1,62717700,62.7177,62.7177,95,True,True,measured
end_to_end,W3,R1,1,1,34862300,34.8623,34.8623,95,True,False,measured
end_to_end,W3,R1,2,1,33406800,33.4068,33.4068,95,True,False,measured
end_to_end,W3,R1,3,1,35278300,35.2783,35.2783,95,True,False,measured
end_to_end,W3,R1,4,1,34415800,34.4158,34.4158,95,True,False,measured
end_to_end,W3,R1,5,1,34812300,34.8123,34.8123,95,True,False,measured
end_to_end,W3,R1,6,1,33849300,33.8493,33.8493,95,True,False,measured
end_to_end,W3,R1,7,1,34501300,34.5013,34.5013,95,True,False,measured
end_to_end,W3,R1,8,1,31600400,31.6004,31.6004,95,True,False,measured
end_to_end,W3,R1,9,1,33436700,33.4367,33.4367,95,True,False,measured
end_to_end,W3,R2,0,1,28189400,28.1894,28.1894,95,True,True,measured
end_to_end,W3,R2,1,1,27342400,27.3424,27.3424,95,True,False,measured
end_to_end,W3,R2,2,1,28107200,28.1072,28.1072,95,True,False,measured
end_to_end,W3,R2,3,1,27888400,27.8884,27.8884,95,True,False,measured
end_to_end,W3,R2,4,1,28111200,28.1112,28.1112,95,True,False,measured
end_to_end,W3,R2,5,1,27044200,27.0442,27.0442,95,True,False,measured
end_to_end,W3,R2,6,1,27690600,27.6906,27.6906,95,True,False,measured
end_to_end,W3,R2,7,1,27921100,27.9211,27.9211,95,True,False,measured
end_to_end,W3,R2,8,1,27936000,27.936,27.936,95,True,False,measured
end_to_end,W3,R2,9,1,29119100,29.1191,29.1191,95,True,False,measured
end_to_end,W4,R0,0,1,3553196400,3553.1964,3553.1964,52,True,True,measured
end_to_end,W4,R0,1,1,3836740200,3836.7402,3836.7402,52,True,False,measured
end_to_end,W4,R0,2,1,8062729000,8062.729,8062.729,52,True,False,measured
end_to_end,W4,R0,3,1,3889835100,3889.8351,3889.8351,52,True,False,measured
end_to_end,W4,R0,4,1,4216108700,4216.1087,4216.1087,52,True,False,measured
end_to_end,W4,R0,5,1,7935896600,7935.8966,7935.8966,52,True,False,measured
end_to_end,W4,R0,6,1,3802019300,3802.0193,3802.0193,52,True,False,measured
end_to_end,W4,R0,7,1,8311985700,8311.9857,8311.9857,52,True,False,measured
end_to_end,W4,R0,8,1,4006214700,4006.2147,4006.2147,52,True,False,measured
end_to_end,W4,R0,9,1,3821852200,3821.8522,3821.8522,52,True,False,measured
end_to_end,W4,R1,0,1,56668100,56.6681,56.6681,52,True,True,measured
end_to_end,W4,R1,1,1,21729200,21.7292,21.7292,52,True,False,measured
end_to_end,W4,R1,2,1,21667200,21.6672,21.6672,52,True,False,measured
end_to_end,W4,R1,3,1,22486600,22.4866,22.4866,52,True,False,measured
end_to_end,W4,R1,4,1,22559000,22.559,22.559,52,True,False,measured
end_to_end,W4,R1,5,1,22724200,22.7242,22.7242,52,True,False,measured
end_to_end,W4,R1,6,1,21771000,21.771,21.771,52,True,False,measured
end_to_end,W4,R1,7,1,21978300,21.9783,21.9783,52,True,False,measured
end_to_end,W4,R1,8,1,21522100,21.5221,21.5221,52,True,False,measured
end_to_end,W4,R1,9,1,22437900,22.4379,22.4379,52,True,False,measured
