scenario,workload_id,comparison,median_base_ms,median_compared_ms,speedup_vs_base
query_only,W1,R1_vs_R0,2.428275,12.01225,0.20214988865533104
query_only,W1,R2_vs_R0,2.428275,0.6163625,3.939686466973575
query_only,W1,R2_vs_R1,12.01225,0.6163625,19.488937110872254
query_only,W2,R1_vs_R0,7.26485,26.131700000000002,0.2780090847514704
query_only,W2,R2_vs_R0,7.26485,1.4084875000000001,5.157908749633916
query_only,W2,R2_vs_R1,26.131700000000002,1.4084875000000001,18.55302230229235
query_only,W3,R1_vs_R0,13.30375,11.181899999999999,1.1897575546195192
query_only,W3,R2_vs_R0,13.30375,10.9708,1.2126508549969008
query_only,W3,R2_vs_R1,11.181899999999999,10.9708,1.0192419878222188
query_only,W4,R1_vs_R0,18.549599999999998,11.007349999999999,1.685201251890782
end_to_end,W1,R1_vs_R0,3883.1587,145.99290000000002,26.59827087481651
end_to_end,W1,R2_vs_R0,3883.1587,7.922000000000001,490.1740343347639
end_to_end,W1,R2_vs_R1,145.99290000000002,7.922000000000001,18.42879323403181
end_to_end,W2,R1_vs_R0,3855.8716,168.97355,22.819379719488644
end_to_end,W2,R2_vs_R0,3855.8716,17.5044,220.2801352802724
end_to_end,W2,R2_vs_R1,168.97355,17.5044,9.653204337195218
end_to_end,W3,R1_vs_R0,4015.7433,34.45855,116.53837146368608
end_to_end,W3,R2_vs_R0,4015.7433,27.92855,143.78631543707067
end_to_end,W3,R2_vs_R1,34.45855,27.92855,1.233810921082548
end_to_end,W4,R1_vs_R0,3948.0249,22.2081,177.77409593796855
