workload_id,representation,scenario,n,min,p25,median,p75,iqr,mean,std,p95,max
W1,R0,query_only,30,2.2087,2.2491375,2.428275,2.5906374999999997,0.3414999999999999,2.593525,0.4935345740867254,3.7252149999999995,3.9574
W1,R1,query_only,30,11.4513,11.77875,12.01225,12.2717,0.49294999999999867,12.219596666666666,0.7161390317159975,13.713375,14.2921
W1,R2,query_only,30,0.588425,0.599990625,0.6163625,0.652984375,0.05299374999999995,0.6321549999999999,0.04743896209868002,0.7283849999999997,0.790375
W2,R0,query_only,30,6.472,6.901800000000001,7.26485,8.3102,1.4083999999999994,7.585953333333333,0.8400240722057061,9.00428,9.2994
W2,R1,query_only,30,24.4005,25.37895,26.131700000000002,26.866225,1.4872750000000003,26.107993333333336,0.937642091092601,27.638934999999996,27.8821
W2,R2,query_only,30,1.3171,1.37954375,1.4084875000000001,1.43538125,0.055837499999999984,1.4553749999999999,0.14498059546140937,1.7340825,1.91765
W3,R0,query_only,30,11.9795,12.669325,13.30375,13.97225,1.302925,13.395023333333333,0.9478401417245251,15.053239999999999,15.721
W3,R1,query_only,30,10.5591,11.0579,11.181899999999999,11.433575,0.3756749999999993,11.414273333333336,0.7274638883955272,12.86548,14.0209
W3,R2,query_only,30,10.4021,10.7301,10.9708,11.366025,0.6359250000000003,11.201156666666666,0.7480342407262186,12.721734999999999,13.6493
W4,R0,query_only,30,17.4256,18.0646,18.549599999999998,18.977349999999998,0.9127499999999991,18.683013333333335,0.8294730328527172,20.226115,20.6336
W4,R1,query_only,30,10.1086,10.720075,11.007349999999999,11.356774999999999,0.6366999999999994,11.634553333333336,2.302145858157099,16.802209999999985,20.0798
W1,R0,end_to_end,10,3570.0326,3682.016575,3883.1587,7622.956875,3940.9402999999998,5331.249229999999,2090.233715004601,7909.546565,7956.5537
W1,R1,end_to_end,10,142.932,143.306725,145.99290000000002,147.552625,4.245900000000006,146.8186,4.650320687149794,154.592175,158.1762
W1,R2,end_to_end,10,7.6242,7.775525,7.922000000000001,8.226925000000001,0.45140000000000136,8.55142,1.8154666677683118,11.434474999999996,13.6325
W2,R0,end_to_end,10,3627.442,3847.9550750000003,3855.8716,7884.20035,4036.2452749999998,5514.854719999999,2212.1270010869976,8305.608925,8336.9296
W2,R1,end_to_end,10,165.0267,168.323075,168.97355,170.315925,1.9928500000000042,171.52159,7.866675341019233,184.55604499999998,192.9071
W2,R2,end_to_end,10,17.094,17.350625,17.5044,18.003775,0.6531500000000001,18.22927,2.05557973225722,21.486919999999994,23.9594
W3,R0,end_to_end,10,3538.5716,3847.7577,4015.7433,7983.37945,4135.62175,5526.39905,2175.0517899558836,8123.141405,8124.3065
W3,R1,end_to_end,10,31.6004,33.53985,34.45855,34.8498,1.3099500000000006,36.88809,9.136053569293473,50.369969999999974,62.7177
W3,R2,end_to_end,10,27.0442,27.74005,27.92855,28.1102,0.37014999999999887,27.93496,0.551191433170001,28.700734999999998,29.1191
W4,R0,end_to_end,10,3553.1964,3825.5742,3948.0249,7005.949625,3180.375425,5143.657789999999,2051.201175394292,8199.820184999999,8311.9857
W4,R1,end_to_end,10,21.5221,21.739649999999997,22.2081,22.5409,0.8012500000000031,25.554359999999996,10.940613830555092,41.39334499999997,56.6681
